交易日期,开盘价,最高价,最低价,收盘价,成交量
2015-05-20,17.0,17.0,17.0,17.0,0
2015-05-21,28.0,28.74,24.11,25.68,119344
2015-05-22,26.17,31.1,26.0,28.31,25915
2015-05-26,29.8,30.34,29.08,29.65,7128
2015-05-27,30.82,30.82,27.0,27.5,7251
2015-05-28,27.55,27.74,26.48,27.45,3658
2015-05-29,27.25,27.38,26.87,27.2,2421
2015-06-01,27.2,27.44,26.6,27.33,2470
2015-06-02,27.47,27.47,26.65,26.95,3552
2015-06-03,26.76,27.5,26.5,27.44,2920
2015-06-04,27.42,27.49,25.51,26.78,3113
2015-06-05,26.66,27.39,26.1,27.39,1216
2015-06-08,26.9,27.48,26.82,26.98,2709
2015-06-09,26.64,28.46,26.64,28.34,3242
2015-06-10,28.45,28.88,27.95,28.1,2649
2015-06-11,28.49,30.73,28.49,30.73,4342
2015-06-12,31.32,33.7,31.25,33.63,8023
2015-06-15,33.97,38.12,32.92,35.5,16158
2015-06-16,36.06,38.38,35.84,38.11,10615
2015-06-17,39.63,42.13,38.01,38.63,15208
2015-06-18,38.42,38.89,34.32,35.55,10994
2015-06-19,36.42,36.74,32.55,35.52,8882
2015-06-22,36.76,38.5,36.09,36.94,7439
2015-06-23,37.75,38.17,35.17,35.43,2743
2015-06-24,35.12,37.43,34.14,35.96,5460
2015-06-25,36.34,36.5,34.8,34.84,1968
2015-06-26,34.87,35.32,32.63,33.52,3323
2015-06-29,32.52,33.51,31.2,31.32,2986
2015-06-30,31.5,34.44,31.5,33.95,4543
2015-07-01,34.03,34.97,29.88,31.11,9722
2015-07-02,31.51,31.73,30.62,31.31,2850
2015-07-06,31.07,31.74,30.38,30.53,1378
2015-07-07,30.47,30.83,28.5,30.76,3365
2015-07-08,30.02,30.36,29.03,29.19,1773
2015-07-09,29.73,30.38,28.8,29.06,2254
2015-07-10,29.32,30.29,29.1,29.6,2712
2015-07-13,29.85,30.99,29.76,30.42,2069
2015-07-14,30.78,31.33,30.5,30.86,1374
2015-07-15,30.89,31.01,28.91,29.34,3439
2015-07-16,29.06,29.87,28.93,29.39,1397
2015-07-17,29.32,32.35,29.15,32.27,15943
2015-07-20,32.37,33.93,31.64,33.75,3905
2015-07-21,33.93,34.66,32.09,33.22,3919
2015-07-22,32.99,33.49,31.36,32.14,2468
2015-07-23,32.59,34.43,32.58,33.11,2549
2015-07-24,33.45,34.75,33.24,33.57,3434
2015-07-27,33.4,33.95,32.05,32.87,1931
2015-07-28,33.5,34.48,32.83,34.06,1666
2015-07-29,34.1,34.85,33.2,34.16,1916
2015-07-30,38.66,40.25,37.01,38.13,10714
2015-07-31,38.13,38.25,36.35,37.39,5032
2015-08-03,37.49,40.49,36.6,40.36,4975
2015-08-04,38.95,41.11,38.13,38.41,5255
2015-08-05,39.02,39.97,38.16,38.45,2673
2015-08-06,38.4,38.75,35.2,36.28,3618
2015-08-07,36.27,36.27,34.25,35.16,3048
2015-08-10,35.3,36.14,32.87,33.47,4623
2015-08-11,33.66,35.59,32.96,35.14,2468
2015-08-12,34.85,35.21,33.75,34.73,2040
2015-08-13,34.79,36.49,34.51,35.31,1983
2015-08-14,35.0,35.75,34.09,34.56,1184
2015-08-17,34.77,35.0,33.3,34.41,1404
2015-08-18,34.18,34.18,32.48,32.6,1723
2015-08-19,32.37,32.47,30.6,31.1,4246
2015-08-20,30.76,31.1,29.15,29.22,2489
2015-08-21,28.74,29.97,27.31,27.77,3830
2015-08-24,25.51,28.49,22.7,26.28,3958
2015-08-25,28.29,29.78,26.85,26.93,2864
2015-08-26,28.5,28.57,26.3,28.22,3435
2015-08-27,28.94,29.6,27.8,28.51,2484
2015-08-28,28.36,29.01,27.72,28.0,1241
2015-08-31,28.14,28.77,27.09,27.54,1211
2015-09-01,27.29,27.29,26.39,26.6,1169
2015-09-02,26.73,27.55,26.06,26.7,1566
2015-09-03,26.56,28.0,26.51,27.15,1221
2015-09-04,26.98,27.23,26.37,26.81,1166
2015-09-08,27.03,27.65,26.74,27.14,907
2015-09-09,27.9,28.51,25.89,26.01,2942
2015-09-10,26.05,26.48,25.58,25.77,1181
2015-09-11,25.55,26.47,25.55,26.36,1782
2015-09-14,26.27,27.26,26.01,27.21,2113
2015-09-15,27.14,28.46,27.1,28.11,2371
2015-09-16,28.13,29.26,28.04,28.91,1229
2015-09-17,29.89,37.95,29.85,35.55,20045
2015-09-18,35.53,37.47,34.52,35.66,7255
2015-09-21,35.7,37.0,34.75,34.83,3612
2015-09-22,34.5,34.5,32.81,33.66,3030
2015-09-23,33.53,34.67,32.83,33.5,3186
2015-09-24,32.98,34.09,32.09,33.47,2122
2015-09-25,33.85,35.64,33.12,33.91,3349
2015-09-28,33.64,33.97,32.5,33.05,1792
2015-09-29,32.41,33.99,32.41,33.64,2003
2015-09-30,35.49,35.77,33.66,35.2,2767
2015-10-01,35.37,35.75,33.73,35.07,2269
2015-10-02,34.65,36.1,34.19,35.81,2163
2015-10-05,36.05,39.29,36.05,36.76,6038
2015-10-06,36.72,37.42,35.01,36.21,2548
2015-10-07,36.01,37.37,35.9,37.33,2167
2015-10-08,37.21,39.0,36.45,38.24,4443
2015-10-09,38.4,38.88,36.6,37.02,1481
2015-10-12,37.04,37.35,30.5,34.31,7674
2015-10-13,34.97,35.6,33.06,33.12,1776
2015-10-14,33.49,34.5,32.23,33.64,2786
2015-10-15,33.64,34.42,33.2,34.14,2410
2015-10-16,34.51,34.59,33.4,34.33,2464
2015-10-19,34.28,34.89,33.11,33.36,2716
2015-10-20,33.44,33.53,31.19,31.5,2491
2015-10-21,31.54,32.54,31.32,31.95,1380
2015-10-22,32.27,32.45,31.71,32.01,2126
2015-10-23,31.98,32.44,31.09,31.66,1862
2015-10-26,31.66,31.75,30.76,31.07,972
2015-10-27,30.68,31.04,29.72,31.04,1889
2015-10-28,30.62,31.24,30.26,31.12,996
2015-10-29,30.82,32.02,30.11,31.59,1433
2015-10-30,31.49,32.49,31.0,32.22,2419
2015-11-02,32.36,33.62,30.91,30.96,2211
2015-11-03,31.05,31.75,29.64,31.44,5091
2015-11-04,33.73,33.93,29.63,31.75,8794
2015-11-05,32.77,33.54,31.35,31.62,5193
2015-11-06,31.6,32.41,31.49,31.54,3755
2015-11-09,31.63,31.64,29.74,30.23,2711
2015-11-10,30.1,30.45,28.2,28.59,3130
2015-11-11,28.83,29.0,27.7,28.18,2848
2015-11-12,28.0,29.89,27.58,28.86,4990
2015-11-13,28.93,30.0,28.17,28.33,3310
2015-11-16,28.26,28.63,26.38,27.35,6715
2015-11-17,26.35,27.0,25.53,26.39,24611
2015-11-18,26.87,28.0,26.5,28.0,18028
2015-11-19,28.0,29.72,27.84,29.45,11471
2015-11-20,29.5,29.6,27.72,28.23,6562
2015-11-23,28.15,29.0,27.86,28.87,3658
2015-11-24,28.46,28.46,26.81,26.95,11356
2015-11-25,27.25,27.68,26.26,26.44,8920
2015-11-27,26.8,26.98,26.3,26.71,2927
2015-11-30,26.9,26.96,26.22,26.34,4766
2015-12-01,26.18,26.7,26.18,26.28,3972
2015-12-02,26.32,26.57,25.8,26.41,3340
2015-12-03,26.5,26.88,26.13,26.83,5548
2015-12-04,26.85,27.4,26.54,27.12,5794
2015-12-07,26.63,27.15,26.54,26.88,5765
2015-12-08,26.4,26.79,26.04,26.48,4392
2015-12-09,26.28,26.28,24.42,24.81,8767
2015-12-10,24.81,25.21,24.55,24.96,5343
2015-12-11,24.63,25.28,24.54,24.76,1721
2015-12-14,24.63,25.0,24.16,24.56,2633
2015-12-15,24.49,25.57,24.4,25.36,4784
2015-12-16,25.5,26.36,25.29,26.21,5824
2015-12-17,26.29,26.8,26.16,26.53,3479
2015-12-18,26.17,26.37,25.31,25.31,1754
2015-12-21,25.5,25.74,24.06,24.45,2423
2015-12-22,24.5,24.83,24.22,24.66,1635
2015-12-23,24.69,25.29,24.57,24.92,1289
2015-12-24,24.94,25.45,24.93,25.34,959
2015-12-28,25.27,25.46,24.76,24.84,990
2015-12-29,25.01,25.68,24.88,25.18,1511
2015-12-30,25.12,26.56,25.12,25.98,2239
2015-12-31,25.85,26.2,25.22,25.8,2179
2016-01-04,25.42,25.84,24.52,25.72,5644
2016-01-05,25.5,26.5,25.26,25.31,3845
2016-01-06,24.95,25.34,24.18,25.3,2340
2016-01-07,25.0,25.58,24.63,24.67,3817
2016-01-08,25.0,25.37,24.7,24.93,1222
2016-01-11,24.95,25.03,23.53,23.87,2811
2016-01-12,24.15,24.72,23.41,23.74,3481
2016-01-13,23.73,23.93,21.25,21.38,4889
2016-01-14,21.44,21.44,19.85,20.64,7882
2016-01-15,20.24,20.24,18.48,19.89,8836
2016-01-19,21.43,21.55,20.18,20.3,8092
2016-01-20,20.0,20.95,18.61,20.53,4651
2016-01-21,20.93,23.4,20.56,22.79,10401
2016-01-22,23.47,23.71,22.64,23.07,7012
2016-01-25,23.13,23.68,22.66,23.13,3145
2016-01-26,23.44,23.51,22.38,23.09,1564
2016-01-27,22.92,23.24,22.0,22.0,2649
2016-01-28,22.27,22.9,22.01,22.5,2965
2016-01-29,22.49,23.3,22.37,23.22,5075
2016-02-01,23.26,23.71,22.86,23.53,3547
2016-02-02,23.27,23.52,22.19,22.62,4914
2016-02-03,22.89,23.03,21.72,23.0,4570
2016-02-04,22.86,23.79,22.81,23.48,3342
2016-02-05,23.33,23.44,21.27,21.87,13294
2016-02-08,21.52,21.75,19.92,20.38,5839
2016-02-09,20.32,21.03,19.69,19.85,3708
2016-02-10,20.01,20.57,19.84,19.97,1453
2016-02-11,19.5,19.99,18.9,19.37,1981
2016-02-12,19.39,19.85,18.58,19.33,4633
2016-02-16,20.54,21.42,19.82,20.5,11193
2016-02-17,24.33,24.81,21.64,22.37,33258
2016-02-18,22.99,23.17,20.55,20.59,13805
2016-02-19,20.22,20.75,19.84,20.57,5911
2016-02-22,20.8,21.39,20.61,21.21,7115
2016-02-23,21.06,21.37,19.51,20.04,12220
2016-02-24,19.77,21.19,19.68,21.02,9297
2016-02-25,21.33,21.83,20.77,21.66,11998
2016-02-26,21.69,22.12,21.32,22.0,10581
2016-02-29,22.03,22.9,21.9,22.38,5933
2016-03-01,22.67,22.87,22.01,22.69,6373
2016-03-02,22.64,24.44,22.47,24.36,13956
2016-03-03,24.36,25.71,23.67,24.27,11299
2016-03-04,24.51,25.5,24.4,25.16,8225
2016-03-07,25.0,25.91,24.77,25.87,8084
2016-03-08,26.21,26.99,25.95,26.79,12443
2016-03-09,26.91,26.91,26.02,26.07,8980
2016-03-10,26.43,26.45,25.31,25.39,4541
2016-03-11,25.75,26.77,25.64,26.7,5969
2016-03-14,26.93,27.0,26.25,26.58,1916
2016-03-15,26.35,26.46,25.65,25.83,2474
2016-03-16,25.84,26.95,25.57,26.8,3816
2016-03-17,26.89,27.24,26.56,27.15,5323
2016-03-18,28.09,28.78,27.52,28.49,13647
2016-03-21,28.48,28.63,27.65,28.04,3695
2016-03-22,27.76,28.14,27.06,27.51,5599
2016-03-23,27.28,27.59,26.09,26.2,3481
2016-03-24,27.21,27.78,26.12,26.99,6103
2016-03-28,27.68,27.81,26.88,27.59,5060
2016-03-29,27.53,28.08,27.35,27.97,3700
2016-03-30,28.25,28.62,27.74,27.77,5096
2016-03-31,27.96,28.6,27.96,28.21,4804
2016-04-01,27.88,28.67,27.56,28.45,5882
2016-04-04,29.02,29.99,28.75,29.3,15131
2016-04-05,29.24,29.24,28.64,28.75,5175
2016-04-06,28.83,29.74,28.78,29.5,4607
2016-04-07,29.47,29.69,28.94,29.21,2796
2016-04-08,29.42,30.0,29.24,29.55,4177
2016-04-11,29.94,30.01,29.5,29.52,5392
2016-04-12,29.5,30.09,29.28,29.77,3816
2016-04-13,29.96,30.28,29.75,29.8,4635
2016-04-14,30.27,30.99,29.85,30.96,5775
2016-04-15,31.02,31.09,30.55,30.97,2651
2016-04-18,31.07,31.95,30.23,31.53,5714
2016-04-19,31.93,32.39,31.5,32.05,4442
2016-04-20,32.26,32.32,31.5,31.5,4103
2016-04-21,31.65,31.96,31.35,31.53,2353
2016-04-22,31.53,31.99,31.2,31.81,1977
2016-04-25,31.9,31.99,30.8,31.13,2946
2016-04-26,31.39,31.59,30.89,31.47,1851
2016-04-27,31.49,32.0,31.25,31.83,2201
2016-04-28,32.06,32.1,31.49,31.75,2586
2016-04-29,31.86,32.28,31.65,31.85,3260
2016-05-02,31.88,31.88,30.82,31.41,4709
2016-05-03,31.0,31.35,30.65,30.74,3945
2016-05-04,30.73,31.14,28.05,29.61,17410
2016-05-05,29.53,29.8,28.1,28.52,9951
2016-05-06,28.4,28.4,27.43,27.72,6701
2016-05-09,27.43,27.5,25.7,26.46,14104
2016-05-10,26.57,26.74,26.16,26.63,5481
2016-05-11,26.63,26.63,25.96,26.27,3793
2016-05-12,26.31,27.14,26.31,26.95,5868
2016-05-13,26.91,27.18,24.96,26.29,3708
2016-05-16,26.44,26.6,26.01,26.16,4866
2016-05-17,26.17,26.95,26.01,26.8,6484
2016-05-18,26.65,27.48,26.15,26.34,5884
2016-05-19,26.07,26.29,25.7,25.97,7202
2016-05-20,26.0,26.39,26.0,26.1,3266
2016-05-23,26.15,27.29,26.09,26.82,6502
2016-05-24,26.68,27.37,26.41,27.06,7838
2016-05-25,27.1,28.33,27.04,28.2,8664
2016-05-26,28.4,28.4,27.6,27.76,3355
2016-05-27,27.67,28.69,27.62,28.57,3751
2016-05-31,28.79,29.41,28.6,29.29,7639
2016-06-01,30.15,31.31,29.9,31.07,25687
2016-06-02,30.25,30.9,29.8,29.84,11937
2016-06-03,29.99,30.15,29.3,29.58,4261
2016-06-06,29.72,30.08,29.45,30.0,9221
2016-06-07,29.9,30.14,29.59,29.86,9653
2016-06-08,29.92,30.38,29.83,30.09,6372
2016-06-09,29.92,30.12,29.35,29.41,4572
2016-06-10,29.02,29.2,28.13,28.28,5678
2016-06-13,28.15,28.43,27.75,27.99,2895
2016-06-14,27.85,29.07,27.75,29.05,3728
2016-06-15,29.01,29.48,28.62,28.66,3410
2016-06-16,28.64,28.64,27.76,28.37,2392
2016-06-17,28.53,29.12,28.21,28.94,2992
2016-06-20,29.26,30.08,28.9,29.77,8894
2016-06-21,29.66,30.02,29.47,29.87,5680
2016-06-22,29.76,30.16,29.54,29.81,3415
2016-06-23,30.06,31.51,29.75,31.2,9090
2016-06-24,29.07,30.14,28.44,29.07,5341
2016-06-27,28.6,29.03,26.35,27.16,8259
2016-06-28,27.79,28.54,27.24,28.54,5006
2016-06-29,29.16,30.35,29.1,30.32,5855
2016-06-30,30.42,31.11,29.96,30.76,8270
2016-07-01,30.75,31.02,30.65,30.83,5087
2016-07-05,30.97,30.97,30.25,30.61,5924
2016-07-06,30.26,30.7,30.0,30.65,3523
2016-07-07,30.62,30.84,30.25,30.37,2786
2016-07-08,30.6,31.11,30.54,31.0,8435
2016-07-11,31.0,32.0,30.88,31.85,9973
2016-07-12,32.0,33.25,31.95,32.49,13734
2016-07-13,32.78,33.0,31.81,31.99,5527
2016-07-14,32.41,32.5,31.89,32.1,5722
2016-07-15,32.22,32.46,31.82,32.32,10452
2016-07-18,32.79,32.81,31.91,32.2,7049
2016-07-19,32.34,33.35,32.28,33.26,14686
2016-07-20,32.81,33.57,32.73,33.09,11462
2016-07-21,33.21,33.49,32.25,32.73,9349
2016-07-22,32.9,33.46,32.47,32.87,15750
2016-07-25,32.96,33.1,32.5,32.6,4831
2016-07-26,32.68,32.73,31.83,32.55,7409
2016-07-27,32.98,33.52,32.79,33.21,7943
2016-07-28,33.51,34.57,33.43,34.27,9604
2016-07-29,34.31,34.76,33.5,34.27,6098
2016-08-01,34.45,34.48,33.09,34.05,6433
2016-08-02,34.22,34.55,32.85,33.53,10991
2016-08-03,34.91,37.15,33.2,36.79,30695
2016-08-04,35.85,36.95,35.55,36.85,14279
2016-08-05,37.06,37.4,36.36,37.01,8070
2016-08-08,37.53,38.74,37.32,38.31,11096
2016-08-09,38.33,39.23,38.01,38.79,12502
2016-08-10,39.13,39.75,39.12,39.29,9569
2016-08-11,39.55,40.93,39.55,39.91,20080
2016-08-12,39.92,40.55,39.01,39.38,8808
2016-08-15,39.86,39.9,38.88,39.08,10974
2016-08-16,38.02,39.48,37.0,38.37,17856
2016-08-17,38.9,39.57,38.6,38.74,44015
2016-08-18,38.73,40.65,38.68,40.25,19177
2016-08-19,40.41,42.48,40.25,42.41,15455
2016-08-22,42.68,42.72,41.39,42.47,8986
2016-08-23,42.98,43.62,41.69,41.76,15530
2016-08-24,41.88,42.65,40.71,40.94,7078
2016-08-25,40.78,41.07,40.21,40.63,8411
2016-08-26,40.81,41.97,40.81,41.52,5028
2016-08-29,41.61,41.81,41.07,41.39,3388
2016-08-30,41.42,41.55,40.88,41.29,3513
2016-08-31,41.14,41.41,40.8,41.36,6078
2016-09-01,41.2,41.4,39.91,40.67,8832
2016-09-02,40.95,43.78,40.95,42.42,12915
2016-09-06,42.98,43.57,42.5,43.19,6946
2016-09-07,43.45,43.68,42.32,42.78,4633
2016-09-08,42.75,43.48,42.39,43.21,5735
2016-09-09,42.65,42.83,40.74,41.04,8531
2016-09-12,40.08,42.33,39.78,41.63,9087
2016-09-13,41.18,41.54,39.95,40.57,5033
2016-09-14,40.74,41.75,40.56,40.9,5083
2016-09-15,41.03,42.1,40.77,41.77,4443
2016-09-16,41.86,41.86,40.81,41.49,5862
2016-09-19,41.98,44.87,41.79,42.95,15437
2016-09-20,43.13,43.32,41.52,42.46,8593
2016-09-21,42.93,44.65,42.75,44.5,9456
2016-09-22,44.99,45.2,43.6,43.86,8951
2016-09-23,43.86,43.97,42.86,43.35,5256
2016-09-26,43.12,43.47,42.9,43.2,3390
2016-09-27,43.17,44.0,43.02,43.87,3995
2016-09-28,42.7,43.16,40.74,42.75,13204
2016-09-29,43.01,44.12,42.63,42.96,5766
2016-09-30,43.03,43.39,42.77,42.92,3445
2016-10-03,43.24,43.76,42.27,43.03,5225
2016-10-04,43.78,44.09,43.14,43.41,4990
2016-10-05,43.82,44.3,43.26,43.77,4302
2016-10-06,43.94,43.94,43.21,43.68,2701
2016-10-07,44.07,44.54,43.51,44.36,6689
2016-10-10,44.87,45.0,43.53,43.73,3795
2016-10-11,44.37,44.37,41.91,42.3,4796
2016-10-12,42.12,42.73,41.67,42.39,2893
2016-10-13,42.0,42.33,40.15,42.09,8364
2016-10-14,42.47,43.63,42.15,42.82,4434
2016-10-17,42.15,42.75,41.69,42.02,3967
2016-10-18,42.55,42.64,42.14,42.48,1921
2016-10-19,42.53,44.24,42.42,43.39,4442
2016-10-20,43.41,43.5,42.8,43.15,1948
2016-10-21,42.72,43.67,42.72,43.48,2683
2016-10-24,43.76,44.24,43.55,43.86,2893
2016-10-25,44.21,44.21,43.15,43.49,4056
2016-10-26,43.31,43.69,42.88,43.03,6226
2016-10-27,43.13,43.58,41.34,41.35,5514
2016-10-28,41.31,41.62,40.83,40.84,7006
2016-10-31,41.03,41.75,40.86,41.45,5905
2016-11-01,41.31,41.89,40.69,40.78,8655
2016-11-02,42.0,45.18,41.84,43.57,19980
2016-11-03,42.95,43.35,38.75,40.41,23542
2016-11-04,40.18,40.67,38.97,39.15,8351
2016-11-07,40.47,40.47,39.54,40.15,7414
2016-11-08,40.14,41.56,39.77,41.35,7023
2016-11-09,39.79,41.13,39.53,40.58,9733
2016-11-10,40.73,41.54,39.5,40.09,8386
2016-11-11,39.88,40.05,38.92,39.66,7986
2016-11-14,39.95,39.95,37.74,37.9,10711
2016-11-15,37.98,40.36,37.9,39.92,8507
2016-11-16,39.89,40.73,39.5,40.36,4960
2016-11-17,41.08,42.34,40.36,42.02,10956
2016-11-18,42.49,44.24,42.09,44.05,12834
2016-11-21,44.03,45.45,43.76,44.89,11496
2016-11-22,44.74,45.23,42.55,42.96,15226
2016-11-23,42.93,43.42,42.59,43.05,6734
2016-11-25,43.46,43.68,43.05,43.27,1842
2016-11-28,43.71,43.75,42.32,42.49,4262
2016-11-29,42.88,43.2,42.35,42.59,3763
2016-11-30,43.07,43.25,41.59,41.67,7108
2016-12-01,41.81,42.06,39.62,39.67,9837
2016-12-02,39.73,40.38,38.69,39.05,10776
2016-12-05,39.47,41.23,39.47,40.57,7876
2016-12-06,40.95,41.43,40.19,40.9,3373
2016-12-07,41.17,41.21,40.05,40.72,4489
2016-12-08,41.09,42.99,40.53,42.63,9548
2016-12-09,43.0,43.67,41.78,42.22,6084
2016-12-12,42.75,42.87,41.87,42.04,4244
2016-12-13,42.01,42.73,41.89,42.27,4215
2016-12-14,42.31,42.52,41.38,41.75,4434
2016-12-15,41.62,42.83,41.35,42.41,6043
2016-12-16,42.5,42.62,41.89,42.05,3347
2016-12-19,42.35,42.92,41.75,41.87,4576
2016-12-20,41.87,41.96,41.1,41.42,4297
2016-12-21,41.52,41.52,40.64,40.8,5656
2016-12-22,40.8,40.91,39.85,40.17,4418
2016-12-23,40.04,41.38,40.04,41.34,5770
2016-12-27,41.54,43.8,41.51,43.64,6704
2016-12-28,43.53,44.24,42.83,43.22,7779
2016-12-29,43.39,43.9,42.52,43.1,4686
2016-12-30,43.28,43.48,42.61,42.87,3340
2017-01-03,43.28,43.46,42.13,42.82,6248
2017-01-04,43.26,44.42,42.85,44.14,7624
2017-01-05,44.47,47.94,44.25,47.68,47407
2017-01-06,47.36,47.65,45.7,46.9,18891
2017-01-09,47.11,47.54,46.7,47.18,7966
2017-01-10,47.02,49.13,47.02,47.87,14361
2017-01-11,47.93,48.71,47.28,48.33,8461
2017-01-12,48.64,48.85,47.61,48.58,8314
2017-01-13,48.58,49.43,48.02,48.1,9654
2017-01-17,48.34,49.75,48.31,49.52,11999
2017-01-18,49.66,50.0,49.04,49.98,7768
2017-01-19,50.09,51.13,49.9,50.66,9055
2017-01-20,50.77,51.37,49.87,50.09,8295
2017-01-23,50.1,50.35,49.25,49.44,7682
2017-01-24,49.86,50.0,48.93,49.42,7575
2017-01-25,50.11,51.98,50.02,51.36,10204
2017-01-26,51.81,52.0,50.65,51.01,7489
2017-01-27,51.0,51.64,51.0,51.54,4729
2017-01-30,51.61,51.73,49.97,50.7,8326
2017-01-31,50.34,50.85,50.17,50.82,6359
2017-02-01,51.64,51.71,50.62,51.19,4833
2017-02-02,51.18,52.65,51.04,52.32,8572
2017-02-03,52.61,52.63,51.4,52.12,6962
2017-02-06,52.23,52.74,51.46,52.68,3571
2017-02-07,52.99,53.66,52.65,53.13,6074
2017-02-08,53.59,53.64,52.73,53.37,6293
2017-02-09,53.75,55.0,53.75,54.61,8137
2017-02-10,55.23,56.25,54.9,55.22,16667
2017-02-13,56.01,57.16,55.32,56.05,23688
2017-02-14,56.06,56.32,55.15,56.05,17692
2017-02-15,54.87,61.49,54.3,60.61,51612
2017-02-16,61.18,62.47,59.56,60.97,19394
2017-02-17,60.76,61.68,60.03,61.52,10898
2017-02-21,62.24,63.93,61.86,63.08,17912
2017-02-22,63.0,63.8,61.78,63.59,10828
2017-02-23,64.17,64.36,61.83,62.73,13371
2017-02-24,62.02,62.28,60.59,61.75,10473
2017-02-27,61.8,61.87,59.82,59.93,13668
2017-02-28,59.47,60.84,59.15,59.21,10221
2017-03-01,60.17,60.17,59.02,59.65,9643
2017-03-02,59.72,60.65,59.48,59.67,8706
2017-03-03,59.64,60.38,59.12,60.29,9086
2017-03-06,60.0,60.26,58.62,59.32,6171
2017-03-07,59.29,60.66,59.2,60.13,9812
2017-03-08,60.3,61.5,60.08,60.91,7798
2017-03-09,61.06,62.53,60.71,62.39,8806
2017-03-10,63.4,64.33,62.5,64.15,10693
2017-03-13,64.38,65.21,63.96,64.93,8711
2017-03-14,64.62,64.73,63.52,63.83,5985
2017-03-15,64.03,64.99,63.08,64.84,8004
2017-03-16,65.01,65.3,64.56,64.99,4719
2017-03-17,65.49,67.39,65.28,66.99,13369
2017-03-20,67.36,68.92,67.2,68.86,16421
2017-03-21,69.93,71.57,66.84,67.19,33931
2017-03-22,66.96,67.48,64.75,66.71,12994
2017-03-23,66.81,68.3,66.73,67.58,11589
2017-03-24,68.01,70.11,67.69,68.98,13247
2017-03-27,68.34,70.75,67.33,70.4,14669
2017-03-28,70.67,73.0,70.56,72.37,15624
2017-03-29,72.78,72.99,70.8,72.72,14056
2017-03-30,72.69,72.87,68.72,69.05,28304
2017-03-31,67.86,69.44,67.05,68.09,23687
2017-04-03,68.15,69.35,67.22,69.23,12133
2017-04-04,69.23,70.0,68.16,68.53,9039
2017-04-05,68.85,69.64,67.73,67.89,8839
2017-04-06,67.91,68.88,67.91,68.52,7415
2017-04-07,68.58,68.99,68.28,68.71,3861
2017-04-10,69.09,70.06,68.75,69.28,8902
2017-04-11,69.12,69.7,67.45,69.06,8433
2017-04-12,69.0,70.07,68.93,69.25,6534
2017-04-13,69.33,71.88,69.08,70.63,14818
2017-04-17,71.2,72.26,70.78,71.7,8901
2017-04-18,71.7,72.2,70.86,71.58,7183
2017-04-19,71.9,73.5,71.7,72.64,10732
2017-04-20,73.4,76.25,73.26,76.06,14589
2017-04-21,77.62,77.79,74.97,76.38,15730
2017-04-24,77.99,78.19,75.2,75.83,13778
2017-04-25,76.03,76.76,74.46,76.65,15705
2017-04-26,75.04,75.17,72.33,74.12,17659
2017-04-27,73.39,74.4,71.27,73.09,15372
2017-04-28,73.32,76.04,73.15,75.95,16956
2017-05-01,75.62,77.78,74.82,77.26,22003
2017-05-02,80.41,84.58,77.57,82.98,53463
2017-05-03,81.75,83.56,80.72,81.72,19743
2017-05-04,82.93,82.93,81.04,81.35,12145
2017-05-05,81.72,85.82,81.72,85.53,16582
2017-05-08,87.02,87.26,85.6,86.78,18218
2017-05-09,87.25,91.13,86.85,89.15,22212
2017-05-10,89.52,93.53,89.51,93.06,19965
2017-05-11,93.25,93.56,88.8,92.02,25127
2017-05-12,91.87,94.94,91.0,93.58,16321
2017-05-15,94.44,95.88,93.51,94.24,20845
2017-05-16,94.96,95.85,92.6,94.93,20350
2017-05-17,93.11,93.25,89.57,89.84,29708
2017-05-18,83.18,92.98,81.0,92.11,72776
2017-05-19,90.6,91.89,87.5,88.87,68835
2017-05-22,89.94,90.9,88.61,89.6,15512
2017-05-23,90.86,91.25,89.63,90.02,17729
2017-05-24,90.1,91.16,90.07,90.81,10832
2017-05-25,91.35,91.95,89.35,90.22,13212
2017-05-26,90.26,91.11,90.0,90.74,9384
2017-05-30,91.1,93.24,89.69,90.57,17625
2017-05-31,90.88,92.28,88.92,91.86,21526
2017-06-01,92.49,93.7,90.54,93.44,16153
2017-06-02,93.7,97.85,93.45,97.53,28425
2017-06-05,98.35,99.38,96.11,97.48,18814
2017-06-06,96.96,99.78,96.37,98.61,17115
2017-06-07,98.94,99.6,96.51,96.99,16174
2017-06-08,97.28,98.86,95.64,98.84,12238
2017-06-09,98.79,100.8,89.31,91.45,41165
2017-06-12,90.01,90.38,82.51,88.89,45304
2017-06-13,87.34,90.56,84.47,86.93,33231
2017-06-14,87.47,88.2,84.43,85.36,18301
2017-06-15,81.9,85.54,81.55,85.48,25191
2017-06-16,86.96,88.19,85.68,86.93,20941
2017-06-19,88.28,90.84,87.79,90.56,19275
2017-06-20,91.06,91.85,88.61,88.94,13572
2017-06-21,89.24,91.78,89.2,91.25,13209
2017-06-22,91.32,92.11,90.27,91.37,8831
2017-06-23,91.04,95.2,90.5,94.48,12721
2017-06-26,95.11,96.98,90.27,92.04,17188
2017-06-27,91.24,92.2,86.8,87.04,18861
2017-06-28,87.83,89.59,85.51,89.52,15091
2017-06-29,88.97,88.97,83.16,86.4,24022
2017-06-30,85.86,88.0,85.64,86.9,14673
2017-07-03,87.15,87.91,84.8,86.0,7674
2017-07-05,85.63,89.47,85.58,88.11,15292
2017-07-06,86.64,87.83,85.81,86.21,10323
2017-07-07,87.18,89.23,87.0,88.99,8721
2017-07-10,89.14,91.48,88.28,90.99,11292
2017-07-11,90.76,92.57,90.17,91.29,10881
2017-07-12,92.15,95.17,92.0,94.68,15173
2017-07-13,95.74,96.8,92.51,93.02,15334
2017-07-14,93.83,93.89,91.7,92.41,8728
2017-07-17,92.22,93.3,89.63,90.49,13011
2017-07-18,91.29,93.91,90.11,93.18,12195
2017-07-19,93.74,94.5,91.3,91.9,11732
2017-07-20,92.43,92.83,90.19,90.87,7326
2017-07-21,90.45,91.26,89.33,89.42,9534
2017-07-24,89.87,93.65,89.49,93.61,12550
2017-07-25,93.56,93.65,90.7,92.16,10339
2017-07-26,92.95,95.0,92.85,93.92,9664
2017-07-27,94.7,95.5,88.64,90.43,19011
2017-07-28,89.52,93.42,88.29,92.98,12148
2017-07-31,93.67,94.52,91.36,92.37,21088
2017-08-01,104.1,105.79,98.6,104.08,79577
2017-08-02,104.5,104.54,97.29,98.35,39922
2017-08-03,99.5,99.89,96.56,97.16,19692
2017-08-04,97.33,98.44,96.03,96.28,12610
2017-08-07,96.56,99.1,96.43,97.79,9064
2017-08-08,97.94,98.9,96.0,96.51,11986
2017-08-09,95.2,96.45,94.21,95.19,14467
2017-08-10,94.33,94.48,88.21,88.4,26750
2017-08-11,88.51,93.0,88.5,91.71,16804
2017-08-14,93.29,95.5,93.25,94.06,14278
2017-08-15,94.26,94.57,92.77,93.15,6059
2017-08-16,93.63,94.87,93.01,94.61,6280
2017-08-17,94.39,95.72,93.47,93.5,11605
2017-08-18,93.57,95.15,93.02,94.58,8524
2017-08-21,94.55,96.47,94.55,96.27,9014
2017-08-22,96.91,98.91,96.62,98.61,11569
2017-08-23,97.82,102.8,97.14,102.46,20917
2017-08-24,102.9,106.9,102.78,106.53,29858
2017-08-25,106.83,107.0,102.75,103.74,14850
2017-08-28,103.96,104.93,101.62,103.79,8938
2017-08-29,101.71,105.0,101.33,104.37,10017
2017-08-30,104.71,108.77,104.6,108.44,13573
2017-08-31,109.21,111.57,108.31,110.92,13674
2017-09-01,111.81,112.0,109.86,110.86,8885
2017-09-05,109.97,112.0,108.03,110.67,13676
2017-09-06,110.9,111.94,108.75,110.22,9653
2017-09-07,110.47,113.53,110.14,113.46,9822
2017-09-08,113.29,114.88,112.4,113.61,7811
2017-09-11,115.44,118.61,114.9,117.99,12435
2017-09-12,118.94,120.82,116.88,120.5,15422
2017-09-13,120.53,122.5,117.93,119.21,16817
2017-09-14,119.33,121.0,116.61,120.2,8945
2017-09-15,120.02,121.21,119.37,120.26,7010
2017-09-18,120.8,123.94,120.71,122.42,11713
2017-09-19,123.33,123.88,122.14,122.94,6586
2017-09-20,122.82,123.63,117.4,119.29,15632
2017-09-21,118.86,120.84,116.26,120.15,11178
2017-09-22,119.67,121.46,118.53,120.27,6399
2017-09-25,119.85,119.88,113.51,114.47,20182
2017-09-26,116.1,117.71,111.88,113.38,15598
2017-09-27,114.94,118.69,114.1,117.4,13421
2017-09-28,117.52,117.68,115.12,116.45,7422
2017-09-29,116.61,117.76,115.3,116.49,7385
2017-10-02,117.0,119.67,116.74,119.0,9148
2017-10-03,119.9,120.69,116.32,116.81,14484
2017-10-04,116.83,116.93,100.75,103.3,188567
2017-10-05,97.53,103.43,93.31,100.43,175702
2017-10-06,98.0,100.2,95.56,97.92,70585
2017-10-09,96.52,98.49,96.04,97.38,26108
2017-10-10,97.27,99.0,89.35,92.57,104422
2017-10-11,91.91,96.67,91.9,95.02,56146
2017-10-12,96.3,97.3,94.13,94.36,31911
2017-10-13,94.4,95.24,93.69,94.22,15695
2017-10-16,94.5,97.22,93.34,96.98,26825
2017-10-17,97.0,97.51,95.4,96.21,22265
2017-10-18,96.07,99.7,95.9,98.93,21677
2017-10-19,98.17,98.5,96.25,98.25,17594
2017-10-20,98.6,102.5,98.55,102.1,29558
2017-10-23,103.09,104.14,101.4,102.91,20733
2017-10-24,102.89,107.48,102.89,106.41,26102
2017-10-25,107.3,108.53,100.7,102.99,36914
2017-10-26,103.01,105.5,102.72,104.11,13832
2017-10-27,106.63,108.0,105.2,107.27,20429
2017-10-30,108.29,109.45,105.17,109.36,27115
2017-10-31,101.38,104.81,94.51,99.49,113776
2017-11-01,99.74,100.5,95.0,96.2,49144
2017-11-02,95.05,100.81,95.05,99.89,23074
2017-11-03,100.76,101.91,98.52,98.71,17147
2017-11-06,100.0,100.8,99.0,99.84,11934
2017-11-07,99.11,100.48,98.31,99.71,9115
2017-11-08,99.03,99.99,98.51,99.4,6957
2017-11-09,98.36,98.51,95.55,97.03,13947
2017-11-10,96.79,100.88,96.5,100.01,15156
2017-11-13,99.02,99.25,97.77,98.77,8878
2017-11-14,97.56,99.98,97.48,98.97,6882
2017-11-15,97.24,99.42,97.2,98.04,7509
2017-11-16,98.69,104.77,98.55,103.89,24422
2017-11-17,104.12,105.7,103.23,104.89,10525
2017-11-20,105.0,108.98,104.89,108.56,19951
2017-11-21,110.03,112.38,109.65,110.17,16953
2017-11-22,110.55,111.53,107.56,110.41,8404
2017-11-24,110.71,112.63,110.6,111.81,5539
2017-11-27,114.6,117.07,113.19,113.36,19430
2017-11-28,114.06,114.15,110.51,112.09,11236
2017-11-29,111.68,111.88,100.59,103.67,33030
2017-11-30,105.39,105.82,103.15,103.82,9865
2017-12-01,103.9,104.77,100.1,103.27,9943
2017-12-04,105.27,105.27,96.19,96.62,23393
2017-12-05,95.3,98.58,92.41,95.28,21375
2017-12-06,94.9,96.62,93.82,95.77,11455
2017-12-07,96.52,99.97,96.1,99.79,13355
2017-12-08,102.12,102.96,99.87,100.77,11240
2017-12-11,101.29,105.12,101.29,104.11,11573
2017-12-12,103.82,104.0,100.5,101.4,8599
2017-12-13,101.88,104.22,101.86,103.21,7362
2017-12-14,103.63,104.65,102.8,103.23,4995
2017-12-15,103.63,106.35,102.8,105.22,10133
2017-12-18,106.41,108.04,106.34,107.62,10611
2017-12-19,107.63,107.63,105.61,105.73,6794
2017-12-20,106.67,106.84,103.61,105.24,5148
2017-12-21,105.78,106.59,104.56,104.8,3879
2017-12-22,104.13,104.55,102.13,103.86,4658
2017-12-26,102.41,105.39,101.55,104.84,3178
2017-12-27,104.83,105.2,103.32,104.5,3889
2017-12-28,104.79,105.22,101.59,102.39,5504
2017-12-29,102.52,102.55,100.4,101.0,6699
2018-01-02,101.59,105.72,101.02,105.49,9682
2018-01-03,106.39,108.12,106.17,107.75,9858
2018-01-04,108.33,110.06,107.21,109.95,9798
2018-01-05,110.55,111.77,109.02,110.58,6234
2018-01-08,109.99,112.69,109.99,112.35,6153
2018-01-09,112.35,113.67,109.73,110.73,6091
2018-01-10,109.7,111.46,109.0,111.0,5728
2018-01-11,111.07,111.75,110.5,111.13,5647
2018-01-12,111.29,114.5,111.09,112.8,7208
2018-01-16,114.65,114.66,111.18,111.92,10314
2018-01-17,112.16,115.84,111.48,114.91,9850
2018-01-18,114.48,116.73,114.07,114.8,5919
2018-01-19,115.1,115.81,114.6,115.48,5664
2018-01-22,115.44,119.65,115.44,119.43,9284
2018-01-23,119.71,120.06,115.8,118.69,9907
2018-01-24,119.75,121.95,118.25,119.67,8448
2018-01-25,121.0,126.24,120.33,124.9,17048
2018-01-26,126.36,130.47,124.0,129.07,17973
2018-01-29,129.7,129.97,125.22,127.3,13699
2018-01-30,121.58,125.83,119.09,124.21,14837
2018-01-31,126.12,128.59,125.58,127.92,10348
2018-02-01,127.2,131.16,125.7,126.28,9468
2018-02-02,125.5,128.68,123.8,125.12,11818
2018-02-05,120.57,127.29,118.3,118.3,19127
2018-02-06,113.81,122.7,112.06,122.14,22479
2018-02-07,122.75,127.7,121.41,123.34,14370
2018-02-08,124.5,127.07,118.5,118.51,18007
2018-02-09,120.74,123.93,114.16,119.55,24499
2018-02-12,123.3,128.95,122.17,127.94,23698
2018-02-13,127.75,130.42,125.13,126.06,17436
2018-02-14,125.1,138.16,125.02,137.56,36842
2018-02-15,135.0,140.75,130.3,137.95,49091
2018-02-16,135.49,138.66,134.11,137.53,19725
2018-02-20,137.05,146.12,136.62,142.78,22390
2018-02-21,136.75,137.34,132.77,132.9,44784
2018-02-22,133.96,136.53,133.2,134.18,20215
2018-02-23,135.49,137.0,133.1,137.0,13962
2018-02-26,137.52,138.32,135.14,136.27,11994
2018-02-27,136.57,139.44,135.59,137.66,11981
2018-02-28,139.29,140.5,137.93,138.21,10664
2018-03-01,137.48,139.15,133.32,136.85,14579
2018-03-02,135.0,137.5,134.47,136.75,10240
2018-03-05,135.23,139.85,134.0,139.29,17569
2018-03-06,140.15,143.37,139.72,141.51,11302
2018-03-07,139.95,144.44,139.0,143.68,12961
2018-03-08,144.62,148.02,144.62,147.41,16140
2018-03-09,149.42,150.47,147.62,149.16,12189
2018-03-12,149.73,150.15,147.38,148.15,6434
2018-03-13,148.6,148.76,144.51,145.32,9274
2018-03-14,145.61,148.12,143.88,146.25,8132
2018-03-15,147.75,149.0,146.2,147.41,6919
2018-03-16,147.21,148.14,145.36,147.22,4820
2018-03-19,145.9,148.19,142.93,145.62,8457
2018-03-20,145.44,154.82,145.0,153.11,15151
2018-03-21,153.54,154.0,148.26,149.4,14080
2018-03-22,147.51,152.8,145.33,145.45,15547
2018-03-23,145.98,148.47,141.0,141.66,16124
2018-03-26,145.26,147.82,130.5,136.72,45949
2018-03-27,135.99,139.13,127.21,128.82,24167
2018-03-28,127.5,127.75,120.68,121.6,31097
2018-03-29,120.9,126.28,118.57,124.59,24306
2018-04-02,124.71,127.5,120.3,122.08,15605
2018-04-03,124.0,125.48,117.8,119.37,15843
2018-04-04,114.11,121.35,112.5,120.67,12543
2018-04-05,123.77,125.52,119.6,120.14,10160
2018-04-06,118.77,120.79,115.96,117.42,9065
2018-04-09,119.15,123.71,118.1,118.95,14953
2018-04-10,122.45,123.49,118.95,122.87,13760
2018-04-11,121.99,124.2,119.36,119.53,9710
2018-04-12,121.24,121.25,119.13,120.75,15725
2018-04-13,121.95,122.19,116.24,117.51,41441
2018-04-16,117.83,118.0,113.68,116.94,17681
2018-04-17,118.0,127.32,117.91,125.96,22822
2018-04-18,126.32,128.31,123.26,127.56,14359
2018-04-19,126.12,129.58,125.57,126.67,11359
2018-04-20,126.5,127.6,125.28,126.79,14009
2018-04-23,127.19,127.22,121.15,122.91,17234
2018-04-24,123.9,126.85,121.51,123.14,16170
2018-04-25,123.0,123.33,118.54,120.02,10200
2018-04-26,121.98,125.52,121.98,124.15,11174
2018-04-27,126.77,127.1,124.2,126.62,14253
2018-04-30,128.0,134.43,127.01,133.63,32173
2018-05-01,125.08,128.1,118.81,127.68,60965
2018-05-02,126.85,129.74,122.48,124.81,25603
2018-05-03,124.65,135.53,124.25,135.17,28340
2018-05-04,134.8,138.27,132.63,136.13,15418
2018-05-07,137.79,139.05,136.59,138.56,11265
2018-05-08,139.47,146.05,138.61,143.31,19769
2018-05-09,144.0,146.48,143.0,146.1,13250
2018-05-10,146.4,146.97,145.13,146.23,9671
2018-05-11,146.33,146.67,142.71,144.47,9311
2018-05-14,145.3,148.29,142.23,142.64,12528
2018-05-15,141.21,142.75,137.63,142.5,9764
2018-05-16,143.02,144.63,142.11,142.28,5855
2018-05-17,142.22,146.62,141.9,146.1,12021
2018-05-18,145.26,147.7,144.73,147.06,8833
2018-05-21,148.73,150.97,143.42,144.51,12940
2018-05-22,140.7,142.99,137.31,138.75,23835
2018-05-23,138.0,141.25,137.5,140.83,8448
2018-05-24,140.49,143.68,140.25,143.05,7704
2018-05-25,143.05,144.66,142.67,143.64,5405
2018-05-29,143.32,145.32,141.8,143.29,7246
2018-05-30,144.0,146.8,143.69,145.84,6360
2018-05-31,146.11,149.98,145.52,148.09,12511
2018-06-01,149.5,151.66,147.54,150.8,11029
2018-06-04,151.93,157.86,151.75,156.91,13704
2018-06-05,157.12,162.0,156.84,161.06,11438
2018-06-06,162.05,165.77,160.26,165.36,11491
2018-06-07,166.0,166.01,158.88,161.26,14120
2018-06-08,159.55,163.83,158.5,162.81,8912
2018-06-11,163.2,164.91,160.03,160.24,8879
2018-06-12,160.33,165.89,160.13,165.24,11490
2018-06-13,165.0,171.14,163.81,165.09,18693
2018-06-14,166.22,168.86,166.0,167.94,9447
2018-06-15,166.65,169.36,164.65,168.44,6944
2018-06-18,167.0,172.92,166.79,172.84,10610
2018-06-19,169.8,172.51,167.07,170.61,8947
2018-06-20,173.67,175.11,172.21,172.25,7550
2018-06-21,173.48,173.85,164.35,164.54,14964
2018-06-22,166.52,166.68,160.07,162.53,10071
2018-06-25,159.8,160.0,151.05,153.21,17946
2018-06-26,155.75,158.7,154.11,155.01,15421
2018-06-27,155.8,156.2,144.28,144.7,26840
2018-06-28,143.17,147.83,140.4,146.55,16017
2018-06-29,147.82,149.95,145.35,145.89,9832
2018-07-02,142.71,149.57,141.37,149.42,6842
2018-07-03,150.05,151.95,147.25,150.5,8969
2018-07-05,153.15,153.77,149.96,152.68,7587
2018-07-06,152.91,157.34,152.0,156.81,8858
2018-07-09,158.79,160.4,154.24,158.45,7962
2018-07-10,158.62,160.37,157.81,158.98,6265
2018-07-11,157.48,161.97,156.27,160.98,6095
2018-07-12,162.58,168.2,162.11,167.5,7949
2018-07-13,167.72,168.12,163.74,166.18,7235
2018-07-16,166.13,169.4,164.8,165.35,10192
2018-07-17,161.71,170.3,161.05,169.0,9954
2018-07-18,169.25,171.48,167.03,170.48,7136
2018-07-19,170.0,172.1,168.18,171.75,6723
2018-07-20,172.0,175.29,171.3,171.75,10931
2018-07-23,171.95,174.14,169.0,173.26,6740
2018-07-24,174.84,176.6,166.63,168.34,12454
2018-07-25,167.91,174.03,165.57,173.78,10533
2018-07-26,169.33,172.24,168.65,170.29,9555
2018-07-27,172.35,172.35,159.26,160.15,17098
2018-07-30,159.8,160.47,147.33,148.08,22820
2018-07-31,138.52,143.77,133.26,138.21,66835
2018-08-01,138.68,140.22,134.89,136.36,20310
2018-08-02,134.58,144.21,132.63,143.92,23508
2018-08-03,145.0,145.47,140.83,141.87,13791
2018-08-06,141.91,142.41,138.0,142.04,9504
2018-08-07,143.87,146.64,141.17,141.68,8328
2018-08-08,142.67,144.14,140.85,142.7,6358
2018-08-09,142.21,147.14,142.2,146.44,6823
2018-08-10,145.09,151.18,144.15,149.22,10952
2018-08-13,149.35,151.01,142.41,142.87,10299
2018-08-14,144.2,145.74,141.55,144.38,10292
2018-08-15,142.58,144.56,137.11,138.92,15429
2018-08-16,140.78,142.11,138.84,139.16,7429
2018-08-17,138.92,140.24,135.79,137.19,9489
2018-08-20,138.0,138.34,132.85,135.97,12608
2018-08-21,135.12,137.78,133.26,133.44,11934
2018-08-22,132.34,138.5,132.34,137.63,10160
2018-08-23,138.04,140.91,137.05,137.49,8193
2018-08-24,139.6,141.5,138.47,140.58,10304
2018-08-27,142.0,144.75,139.0,144.04,11024
2018-08-28,145.6,146.05,142.75,145.0,9296
2018-08-29,145.39,146.5,143.77,145.15,6973
2018-08-30,144.6,146.49,143.28,144.81,6285
2018-08-31,143.89,146.26,143.39,145.67,5146
2018-09-04,146.1,146.93,143.61,146.34,7032
2018-09-05,143.67,144.13,136.5,139.97,20392
2018-09-06,139.71,140.46,132.35,134.13,15067
2018-09-07,131.5,141.18,130.6,140.64,17108
2018-09-10,141.09,142.55,139.05,142.13,8820
2018-09-11,141.5,148.03,140.39,147.76,10824
2018-09-12,147.76,153.77,146.22,153.13,13488
2018-09-13,154.0,158.5,153.95,155.5,10325
2018-09-14,156.99,158.9,153.56,154.77,10160
2018-09-17,157.92,159.43,153.45,153.63,13627
2018-09-18,154.5,164.2,154.5,162.28,13851
2018-09-19,164.0,166.5,161.51,164.6,13524
2018-09-20,165.38,168.95,164.5,167.17,10964
2018-09-21,166.7,168.16,160.61,161.52,11685
2018-09-24,159.56,165.33,157.4,162.18,7091
2018-09-25,163.37,165.14,159.0,161.11,13200
2018-09-26,162.52,164.8,159.88,162.0,7045
2018-09-27,162.26,164.71,162.02,164.45,4611
2018-09-28,164.19,167.79,163.06,164.46,5960
2018-10-01,166.44,166.86,162.51,163.42,6632
2018-10-02,162.46,164.0,155.97,156.6,13292
2018-10-03,157.51,162.36,157.19,160.2,7451
2018-10-04,159.48,160.2,147.8,148.91,15898
2018-10-05,149.09,151.41,141.07,145.6,13505
2018-10-08,143.22,145.54,138.09,140.49,9773
2018-10-09,140.25,143.18,138.75,140.22,8452
2018-10-10,139.64,139.96,128.01,130.1,21988
2018-10-11,126.69,133.98,126.68,128.39,17473
2018-10-12,135.16,136.97,130.25,135.2,16915
2018-10-15,134.99,137.0,132.09,135.7,9210
2018-10-16,138.68,146.07,138.41,145.83,11315
2018-10-17,146.0,146.5,133.87,137.37,26108
2018-10-18,136.78,140.14,133.56,134.78,12746
2018-10-19,135.68,137.39,126.2,127.07,18931
2018-10-22,128.39,135.59,125.64,134.37,20648
2018-10-23,128.24,133.2,126.71,132.16,20950
2018-10-24,133.12,134.6,122.05,122.27,19142
2018-10-25,131.36,138.34,128.5,136.99,37896
2018-10-26,130.17,138.34,128.45,132.95,24598
2018-10-29,136.83,137.68,125.08,128.5,17400
2018-10-30,125.35,132.36,122.8,129.14,26587
2018-10-31,132.5,138.65,130.53,138.15,17970
2018-11-01,138.77,145.09,135.67,144.35,14867
2018-11-02,144.35,148.92,142.26,145.55,16411
2018-11-05,143.95,145.0,139.76,141.03,9694
2018-11-06,141.78,143.81,139.0,140.93,6595
2018-11-07,143.38,149.5,143.14,148.19,12596
2018-11-08,148.21,150.84,146.39,149.54,10558
2018-11-09,147.29,147.29,138.6,140.9,13634
2018-11-12,139.29,139.31,130.9,135.54,13641
2018-11-13,136.5,140.54,134.17,138.78,11710
2018-11-14,140.94,144.5,139.61,142.76,11056
2018-11-15,142.52,151.27,141.5,150.09,15451
2018-11-16,146.67,151.51,145.13,151.02,9705
2018-11-19,150.3,151.21,133.59,133.75,18808
2018-11-20,122.54,136.42,122.0,134.35,18515
2018-11-21,138.82,140.12,132.46,132.61,10323
2018-11-23,131.27,136.2,129.64,134.81,5371
2018-11-26,137.88,144.52,137.48,144.44,13101
2018-11-27,142.5,146.9,141.79,144.47,7405
2018-11-28,146.41,150.02,145.01,149.96,10409
2018-11-29,150.0,151.46,146.25,149.04,9288
2018-11-30,149.03,152.89,147.8,152.66,8301
2018-12-03,156.56,159.1,154.0,156.39,12007
2018-12-04,155.0,159.1,149.35,150.2,12133
2018-12-06,143.09,157.27,142.3,156.9,13535
2018-12-07,156.98,159.9,145.2,146.88,13538
2018-12-10,146.07,151.59,143.91,151.5,10250
2018-12-11,154.96,158.83,153.11,154.67,12823
2018-12-12,157.99,163.77,157.44,160.09,11538
2018-12-13,161.0,164.13,159.49,161.06,10151
2018-12-14,147.97,149.02,140.0,140.17,52856
2018-12-17,139.92,139.92,128.79,129.66,44128
2018-12-18,133.63,136.2,131.61,134.39,22291
2018-12-19,135.0,140.53,131.69,133.19,23031
2018-12-20,131.21,134.97,121.5,127.71,29783
2018-12-21,128.04,128.63,121.85,122.41,19352
2018-12-24,118.95,122.87,117.64,119.1,10974
2018-12-26,121.57,130.55,121.38,130.21,13634
2018-12-27,126.44,132.6,125.04,132.4,11965
2018-12-28,134.29,136.13,129.42,133.46,11358
2018-12-31,136.11,140.54,135.07,138.45,13796
2019-01-02,134.0,139.14,131.17,137.6,9884
2019-01-03,134.76,136.26,129.48,129.79,9832
2019-01-04,134.51,139.5,133.16,138.06,10754
2019-01-07,139.65,145.85,138.74,144.39,9971
2019-01-08,147.64,149.82,144.01,145.44,11019
2019-01-09,146.5,150.33,144.4,148.62,10768
2019-01-10,146.31,149.97,144.58,148.27,7611
2019-01-11,147.31,150.0,146.71,149.43,5403
2019-01-14,147.27,149.93,144.69,149.1,12789
2019-01-15,149.59,155.54,149.59,154.3,13032
2019-01-16,155.7,158.59,153.3,158.25,16248
2019-01-17,156.6,159.98,155.82,157.69,9421
2019-01-18,159.95,160.23,157.69,158.43,9137
2019-01-22,157.23,158.57,154.1,156.28,8089
2019-01-23,158.2,160.2,154.48,156.6,6448
2019-01-24,156.48,159.4,156.25,158.41,5244
2019-01-25,160.0,163.64,159.78,162.82,7785
2019-01-28,159.68,161.19,158.38,159.44,6266
2019-01-29,159.99,160.5,154.52,157.11,8640
2019-01-30,159.97,162.98,158.0,162.43,5613
2019-01-31,162.47,169.6,161.92,168.47,13142
2019-02-01,168.36,171.0,167.51,170.59,10437
2019-02-04,170.62,174.65,170.26,173.55,9653
2019-02-05,173.65,176.88,173.36,173.57,7718
2019-02-06,172.37,174.5,170.7,173.6,5933
2019-02-07,171.28,174.18,171.08,171.8,11754
2019-02-08,170.22,176.99,169.6,175.95,7656
2019-02-11,178.05,180.0,172.93,173.17,18013
2019-02-12,163.9,175.89,160.63,175.55,46390
2019-02-13,178.19,180.0,171.04,172.02,24058
2019-02-14,171.09,177.24,169.56,176.52,13014
2019-02-15,177.1,178.72,173.71,178.19,9020
2019-02-19,177.04,185.07,177.04,181.3,18643
2019-02-20,181.65,184.19,177.46,179.21,10359
2019-02-21,179.64,180.36,177.18,178.47,7522
2019-02-22,180.0,183.66,179.35,183.63,7871
2019-02-25,185.82,188.76,184.48,187.5,9865
2019-02-26,186.08,187.93,183.85,185.03,8325
2019-02-27,185.17,189.26,184.8,189.2,7189
2019-02-28,188.28,191.13,187.49,189.15,6888
2019-03-01,190.85,192.78,189.29,191.52,8957
2019-03-04,192.38,194.81,182.37,186.47,12611
2019-03-05,186.57,189.16,184.35,187.5,8039
2019-03-06,187.5,188.77,184.11,187.37,5275
2019-03-07,186.51,190.38,184.8,186.94,5684
2019-03-08,182.18,190.0,181.0,189.76,9784
2019-03-11,190.99,200.74,190.99,200.39,16009
2019-03-12,201.0,203.79,197.05,202.47,10489
2019-03-13,203.5,206.95,202.36,205.51,9125
2019-03-14,204.32,209.59,203.39,208.23,9232
2019-03-15,208.87,209.41,203.61,205.98,16275
2019-03-18,204.5,205.92,201.45,205.77,9717
2019-03-19,207.62,208.0,197.65,202.09,17026
2019-03-20,200.53,203.1,198.73,201.34,11288
2019-03-21,200.32,205.2,198.81,205.0,14147
2019-03-22,204.4,204.69,198.61,198.75,11194
2019-03-25,198.05,202.75,196.47,201.45,9765
2019-03-26,203.63,207.41,202.73,204.37,9368
2019-03-27,205.66,205.72,196.61,200.08,7580
2019-03-28,200.83,203.75,197.0,203.45,8757
2019-03-29,205.88,207.5,203.19,206.62,5758
2019-04-01,208.43,210.1,203.12,206.04,8264
2019-04-02,205.27,206.05,198.45,201.46,18969
2019-04-03,201.98,205.8,198.89,205.12,14294
2019-04-04,204.25,205.01,190.38,194.75,35197
2019-04-05,195.59,198.02,194.89,196.65,11675
2019-04-08,196.65,200.89,195.32,200.24,9938
2019-04-09,198.94,204.22,197.34,203.96,9076
2019-04-10,204.36,207.44,202.51,206.5,6527
2019-04-11,207.58,211.54,206.31,210.99,10576
2019-04-12,212.82,214.93,212.11,214.83,9063
2019-04-15,214.83,219.9,213.62,218.03,13776
2019-04-16,219.78,221.82,213.61,215.4,10132
2019-04-17,216.8,218.34,211.31,217.05,7879
2019-04-18,217.13,220.78,213.13,220.72,9910
2019-04-22,220.0,225.99,219.17,224.29,10294
2019-04-23,226.5,227.39,222.1,223.44,13217
2019-04-24,224.6,224.6,218.62,219.81,16075
2019-04-25,220.69,222.19,216.62,218.97,12056
2019-04-26,219.0,225.18,219.0,222.28,10682
2019-04-29,225.33,228.75,223.53,225.79,15413
2019-04-30,226.44,247.5,226.44,243.53,50770
2019-05-01,242.85,252.31,237.39,245.16,25306
2019-05-02,246.0,260.82,245.5,255.54,33186
2019-05-03,259.0,266.4,254.79,264.03,27491
2019-05-06,257.63,266.72,255.12,265.52,22770
2019-05-07,264.36,266.5,254.7,258.69,19955
2019-05-08,258.7,264.62,257.51,261.51,14499
2019-05-09,258.88,261.36,254.12,260.62,13981
2019-05-10,260.43,262.99,252.64,258.83,12197
2019-05-13,247.67,253.07,245.62,250.79,13522
2019-05-14,244.9,254.02,242.23,253.15,14638
2019-05-15,250.61,265.42,250.04,264.16,14892
2019-05-16,265.36,279.48,265.1,278.01,22670
2019-05-17,276.68,279.44,271.58,273.5,12065
2019-05-20,270.03,273.0,264.74,267.19,14676
2019-05-21,272.04,273.6,269.51,272.81,8279
2019-05-22,271.71,280.95,271.39,279.0,8739
2019-05-23,275.0,277.98,268.0,271.62,10657
2019-05-24,274.5,278.88,272.51,275.85,8409
2019-05-28,278.78,285.96,278.35,282.43,10919
2019-05-29,280.0,280.3,270.52,272.68,12121
2019-05-30,275.1,277.82,270.8,277.05,9790
2019-05-31,273.36,278.97,272.16,274.9,7856
2019-06-03,274.28,277.51,262.17,265.0,19291
2019-06-04,269.0,274.1,264.11,274.0,11232
2019-06-05,277.22,292.86,277.12,292.52,17216
2019-06-06,291.84,299.11,289.01,297.06,13998
2019-06-07,298.66,309.37,298.4,305.05,17626
2019-06-10,309.15,315.6,304.44,306.73,12393
2019-06-11,309.6,311.51,298.57,306.71,13496
2019-06-12,304.28,312.7,302.0,310.14,8149
2019-06-13,312.78,314.1,305.64,306.99,7836
2019-06-14,305.41,306.42,301.94,305.11,5401
2019-06-17,304.45,307.88,303.04,305.85,4773
2019-06-18,310.0,311.38,303.74,304.21,7412
2019-06-19,305.51,327.69,302.4,327.02,23117
2019-06-20,331.5,338.94,326.0,328.01,23175
2019-06-21,328.0,331.37,324.1,326.85,10710
2019-06-24,323.34,324.48,311.05,311.83,15574
2019-06-25,306.99,309.63,281.75,284.04,38051
2019-06-26,289.02,295.52,281.69,289.03,17662
2019-06-27,290.5,302.44,289.5,300.96,13281
2019-06-28,303.3,304.29,292.34,300.15,11152
2019-07-01,308.6,308.77,300.33,304.68,10042
2019-07-02,305.39,314.66,305.0,311.96,9773
2019-07-03,310.89,318.34,310.28,313.33,7179
2019-07-05,311.01,313.93,303.41,313.72,9773
2019-07-08,314.44,329.8,312.96,321.0,19454
2019-07-09,322.41,324.43,319.5,321.98,13477
2019-07-10,324.53,326.99,318.51,319.01,9215
2019-07-11,319.0,319.79,314.24,315.0,9134
2019-07-12,315.0,315.78,302.57,310.02,15466
2019-07-15,309.94,324.29,306.01,324.02,13440
2019-07-16,323.66,324.8,315.87,317.39,9776
2019-07-17,319.32,336.95,319.03,325.32,30069
2019-07-18,325.75,333.26,322.61,331.15,12705
2019-07-19,333.15,339.0,329.68,330.0,10858
2019-07-22,331.92,340.84,331.51,335.24,13436
2019-07-23,337.0,338.96,328.6,330.22,12736
2019-07-24,330.51,331.83,324.11,329.57,15217
2019-07-25,330.91,338.74,327.74,333.34,11520
2019-07-26,332.94,338.97,332.32,336.54,8338
2019-07-29,336.35,337.03,313.53,319.71,15970
2019-07-30,314.0,322.34,310.36,314.3,11020
2019-07-31,316.51,320.98,310.36,317.88,13539
2019-08-01,334.01,350.79,328.01,341.39,33408
2019-08-02,341.23,341.23,322.67,332.19,13943
2019-08-05,313.87,327.5,313.39,321.39,17340
2019-08-06,327.41,333.38,324.4,332.67,13554
2019-08-07,330.08,342.83,328.53,341.31,12795
2019-08-08,344.01,358.58,342.34,357.81,13749
2019-08-09,354.5,371.63,354.25,369.95,17545
2019-08-12,367.0,372.36,361.25,366.73,12442
2019-08-13,364.0,370.7,355.33,369.23,14243
2019-08-14,360.37,366.94,347.55,352.8,18090
2019-08-15,355.0,359.5,347.68,351.07,11565
2019-08-16,356.09,361.07,351.45,358.74,9530
2019-08-19,363.74,365.91,359.11,361.83,8828
2019-08-20,361.46,376.3,359.32,374.97,15270
2019-08-21,381.99,391.45,377.5,389.83,17847
2019-08-22,391.88,392.83,380.02,388.54,15197
2019-08-23,387.99,401.17,381.25,382.75,21591
2019-08-26,388.61,397.96,384.12,395.96,14405
2019-08-27,402.7,409.61,398.5,406.99,20379
2019-08-28,406.37,407.88,390.82,394.8,20165
2019-08-29,402.25,403.0,391.71,391.71,18380
2019-08-30,393.62,394.44,371.73,385.39,20838
2019-09-03,384.0,392.8,380.2,383.91,14136
2019-09-04,389.7,391.49,382.5,386.49,9631
2019-09-05,387.7,393.0,380.38,392.72,16804
2019-09-06,393.49,395.75,380.14,380.42,12645
2019-09-09,384.02,384.02,350.32,358.67,32052
2019-09-10,352.5,355.31,335.09,337.24,38271
2019-09-11,338.4,350.7,336.1,347.51,23802
2019-09-12,354.97,360.82,351.11,356.63,22086
2019-09-13,356.53,357.5,337.64,338.31,18937
2019-09-16,328.51,343.45,324.51,337.93,20067
2019-09-17,324.59,334.73,323.43,328.82,37106
2019-09-18,331.07,331.89,317.55,325.85,20100
2019-09-19,328.34,331.85,321.22,325.0,13127
2019-09-20,324.99,330.9,312.0,318.82,19474
2019-09-23,317.78,325.47,310.71,313.26,18649
2019-09-24,313.56,315.84,287.57,295.47,37495
2019-09-25,292.0,315.83,286.07,314.6,41290
2019-09-26,314.82,316.19,302.36,313.14,21676
2019-09-27,314.0,316.4,301.71,305.69,15980
2019-09-30,304.69,316.49,302.03,311.66,15354
2019-10-01,312.0,320.0,308.8,313.22,14907
2019-10-02,309.64,311.17,300.7,310.36,16507
2019-10-03,311.44,326.6,304.17,325.57,24347
2019-10-04,327.47,330.45,320.1,327.2,20749
2019-10-07,326.82,331.57,322.16,326.32,10097
2019-10-08,322.5,325.69,310.8,311.05,14553
2019-10-09,313.5,316.71,311.67,313.85,10896
2019-10-10,314.47,329.29,311.01,324.47,16358
2019-10-11,330.87,337.33,324.46,329.26,16746
2019-10-14,328.99,346.03,328.67,344.3,15686
2019-10-15,347.1,349.44,343.7,346.08,15100
2019-10-16,342.01,343.65,322.24,323.64,17528
2019-10-17,326.5,333.92,324.0,331.34,11904
2019-10-18,332.0,335.0,312.13,314.34,17648
2019-10-21,317.0,326.56,311.61,319.73,12676
2019-10-22,323.5,326.8,295.3,299.69,22361
2019-10-23,298.21,309.78,291.06,297.14,16963
2019-10-24,301.96,324.24,301.03,323.34,21808
2019-10-25,316.72,321.36,309.12,317.45,15179
2019-10-28,322.37,329.18,312.82,324.93,20862
2019-10-29,306.0,321.88,298.64,312.52,35605
2019-10-30,313.32,319.94,308.46,319.12,14379
2019-10-31,316.41,319.85,308.74,313.57,12300
2019-11-01,316.25,322.08,312.87,316.76,11332
2019-11-04,318.38,321.0,303.77,307.91,18300
2019-11-05,308.09,309.05,294.46,295.5,20017
2019-11-06,296.92,300.7,291.51,295.02,11501
2019-11-07,295.55,297.49,282.44,285.75,17424
2019-11-08,282.08,298.81,282.08,297.64,18027
2019-11-11,296.04,305.2,293.46,303.32,12686
2019-11-12,301.82,310.75,301.82,305.56,11831
2019-11-13,305.0,314.84,302.64,314.31,14857
2019-11-14,314.32,319.89,309.35,312.45,12100
2019-11-15,314.93,315.31,309.7,312.38,7168
2019-11-18,312.73,325.83,310.35,322.98,12477
2019-11-19,323.23,325.78,314.51,316.28,10309
2019-11-20,314.38,325.12,312.0,317.05,12277
2019-11-21,317.5,321.98,314.2,316.07,9859
2019-11-22,318.76,320.0,309.73,314.52,7676
2019-11-25,315.09,318.74,312.32,317.07,10320
2019-11-26,317.94,337.17,317.08,336.19,21034
2019-11-27,337.51,342.65,330.08,341.0,17293
2019-11-29,339.9,344.0,335.51,336.75,8864
2019-12-02,336.0,336.0,311.53,330.84,21777
2019-12-03,321.01,351.31,320.0,350.66,23838
2019-12-04,350.0,376.91,349.51,372.0,42370
2019-12-05,371.03,376.59,360.26,363.59,24044
2019-12-06,367.8,372.29,360.75,364.6,16042
2019-12-09,365.18,381.11,364.0,369.79,31298
2019-12-10,373.51,373.97,364.54,368.0,10697
2019-12-11,368.41,374.5,365.51,373.08,13332
2019-12-12,372.0,376.3,364.91,372.05,16443
2019-12-13,370.45,392.0,370.45,385.57,23834
2019-12-16,389.74,396.67,383.0,393.63,18626
2019-12-17,393.0,397.0,380.63,387.95,18284
2019-12-18,391.02,404.8,390.53,396.94,21917
2019-12-19,395.59,401.98,391.27,393.06,13905
2019-12-20,393.05,398.7,387.51,390.07,12174
2019-12-23,392.87,398.71,388.03,389.13,9319
2019-12-24,389.81,400.64,386.14,399.39,11379
2019-12-26,402.76,416.6,402.4,408.75,16408
2019-12-27,411.51,415.8,403.11,408.0,13279
2019-12-30,408.38,409.32,392.11,396.36,12911
2019-12-31,394.96,403.94,391.01,397.58,7878
2020-01-02,403.99,408.24,398.36,407.81,9550
2020-01-03,401.6,408.41,397.0,404.29,6901
2020-01-06,398.59,413.52,395.42,413.33,11644
2020-01-07,415.75,422.48,410.12,414.5,10775
2020-01-08,413.93,422.55,411.86,418.1,10415
2020-01-09,423.1,431.71,421.79,430.2,12414
2020-01-10,432.49,438.56,427.67,429.17,12822
2020-01-13,434.99,446.75,433.75,440.25,13996
2020-01-14,441.5,445.92,430.5,441.22,10743
2020-01-15,441.11,453.0,441.11,448.51,11532
2020-01-16,452.74,453.78,446.64,451.3,10556
2020-01-17,452.73,458.91,452.0,454.88,13461
2020-01-21,454.99,472.86,454.09,465.44,14781
2020-01-22,470.0,476.79,463.17,464.76,16461
2020-01-23,464.77,473.0,460.0,469.25,17951
2020-01-24,474.0,476.51,457.83,465.48,15288
2020-01-27,447.62,459.9,436.74,451.11,15274
2020-01-28,453.5,468.67,451.1,467.66,10245
2020-01-29,473.39,480.05,470.45,471.67,12455
2020-01-30,470.5,478.15,464.66,476.88,10072
2020-01-31,480.58,482.87,463.02,465.66,15317
2020-02-03,468.25,474.88,457.25,469.39,12969
2020-02-04,476.39,487.68,471.79,485.46,12368
2020-02-05,493.5,495.0,467.95,475.56,14650
2020-02-06,473.16,475.73,462.5,472.98,11533
2020-02-07,472.0,481.73,466.78,478.69,8158
2020-02-10,479.11,491.7,476.53,491.69,12829
2020-02-11,494.07,499.88,489.11,492.75,19247
2020-02-12,568.9,593.89,529.0,531.25,61133
2020-02-13,533.01,554.78,530.7,532.97,30286
2020-02-14,541.0,542.2,523.33,531.22,14747
2020-02-18,534.0,548.88,532.0,536.41,15419
2020-02-19,544.05,549.69,538.64,543.21,11876
2020-02-20,542.69,547.19,507.4,535.58,16423
2020-02-21,531.24,534.6,511.61,520.66,13042
2020-02-24,482.0,504.05,476.0,490.96,22138
2020-02-25,500.0,502.43,456.46,466.46,22713
2020-02-26,459.25,484.0,459.04,471.18,17773
2020-02-27,452.28,467.94,427.93,438.37,24418
2020-02-28,422.64,463.31,420.5,463.31,22263
2020-03-02,483.01,488.75,461.59,488.4,21339
2020-03-03,501.48,503.0,467.52,476.94,20651
2020-03-04,489.0,514.0,486.0,512.23,18123
2020-03-05,495.0,512.38,491.25,498.22,16952
2020-03-06,480.0,491.2,459.14,472.07,18711
2020-03-09,430.82,446.08,416.51,418.32,19203
2020-03-10,445.0,450.5,420.63,450.34,17967
2020-03-11,436.0,442.0,406.33,422.31,18958
2020-03-12,371.0,403.57,366.1,377.78,30009
2020-03-13,404.0,406.42,363.01,390.9,22538
2020-03-16,339.0,362.0,321.5,322.29,29284
2020-03-17,330.02,358.0,307.67,355.09,31076
2020-03-18,325.69,358.56,305.3,336.83,23978
2020-03-19,336.16,345.73,316.0,332.5,23415
2020-03-20,345.0,372.55,342.0,346.06,30450
2020-03-23,346.54,384.18,335.12,375.39,23956
2020-03-24,412.76,432.99,406.67,430.0,23186
2020-03-25,435.94,470.57,432.11,446.6,24749
2020-03-26,454.4,470.48,435.3,447.41,21639
2020-03-27,427.61,433.36,412.02,421.62,18359
2020-03-30,423.49,434.89,412.01,430.38,10039
2020-03-31,428.08,439.59,414.0,416.93,11659
2020-04-01,402.99,406.0,381.53,384.67,14550
2020-04-02,350.0,365.94,334.55,346.3,36127
2020-04-03,358.03,363.79,345.0,357.65,17530
2020-04-06,380.0,393.57,369.3,392.65,18700
2020-04-07,408.99,408.99,374.02,378.54,21849
2020-04-08,383.0,417.57,381.31,414.51,23984
2020-04-09,422.51,439.0,413.0,417.74,19314
2020-04-13,423.7,453.36,417.81,447.45,20293
2020-04-14,467.03,501.47,461.34,496.06,23831
2020-04-15,481.12,500.44,477.84,497.17,18586
2020-04-16,508.5,529.13,502.01,526.43,21201
2020-04-17,540.5,591.83,539.0,590.39,42168
2020-04-20,585.5,644.95,584.0,629.9,46640
2020-04-21,647.0,665.75,556.01,585.0,79595
2020-04-22,615.99,635.0,603.2,626.56,36050
2020-04-23,631.3,639.84,610.39,620.49,31618
2020-04-24,624.0,651.99,605.6,643.19,40983
2020-04-27,662.6,662.6,623.04,628.58,29266
2020-04-28,634.0,639.76,610.1,633.65,25583
2020-04-29,637.0,645.55,621.13,639.99,15516
2020-04-30,625.0,645.99,623.0,632.29,17157
2020-05-01,615.0,627.86,595.03,613.64,16743
2020-05-04,620.64,658.9,617.01,658.89,18033
2020-05-05,670.0,704.69,662.0,686.11,35119
2020-05-06,672.88,739.24,669.0,733.53,43102
2020-05-07,721.05,738.71,715.0,722.76,30857
2020-05-08,705.55,721.0,703.0,708.97,24119
2020-05-11,706.96,752.5,703.78,750.34,25518
2020-05-12,769.0,770.95,733.95,742.28,24936
2020-05-13,750.0,768.59,717.29,754.38,28797
2020-05-14,749.89,758.09,733.0,754.29,19074
2020-05-15,754.3,774.79,751.25,767.0,20462
2020-05-18,770.0,770.73,733.0,738.02,23476
2020-05-19,745.42,765.0,713.19,753.01,36709
2020-05-20,768.0,778.0,751.74,778.0,21796
2020-05-21,791.86,809.87,782.07,802.35,27827
2020-05-22,805.1,826.38,793.64,825.17,17513
2020-05-26,846.0,846.0,742.37,767.89,42107
2020-05-27,755.01,757.0,685.0,750.0,44112
2020-05-28,728.01,770.4,727.82,744.43,25702
2020-05-29,756.15,769.39,738.0,757.8,22105
2020-06-01,754.72,759.25,739.52,758.0,11913
2020-06-02,763.01,784.3,744.0,779.5,16174
2020-06-03,777.93,779.08,758.37,762.02,11498
2020-06-04,763.91,777.22,726.03,735.19,18141
2020-06-05,721.1,740.86,702.02,727.77,15775
2020-06-08,715.0,731.15,708.01,730.67,10736
2020-06-09,743.91,754.8,733.25,741.7,9569
2020-06-10,757.0,758.5,732.51,743.64,8915
2020-06-11,733.34,765.52,724.0,725.12,13251
2020-06-12,739.34,745.0,713.23,742.58,13776
2020-06-15,777.0,807.39,769.86,805.47,24418
2020-06-16,809.0,816.78,787.5,805.76,16995
2020-06-17,813.0,827.5,810.59,817.36,11948
2020-06-18,832.5,869.7,830.49,863.56,18969
2020-06-19,876.0,895.56,866.0,881.0,25584
2020-06-22,895.12,909.87,893.02,904.81,15299
2020-06-23,919.19,928.0,907.26,911.34,15534
2020-06-24,910.01,924.0,868.0,897.0,21993
2020-06-25,886.56,917.6,873.24,916.32,15743
2020-06-26,916.0,927.05,894.0,910.0,16882
2020-06-29,913.99,923.0,876.43,922.42,18384
2020-06-30,925.5,958.76,922.0,949.2,17951
2020-07-01,948.01,1017.89,948.01,1016.64,21462
2020-07-02,1034.99,1059.44,1022.0,1029.97,21698
2020-07-06,1052.49,1059.0,983.64,986.77,26569
2020-07-07,985.0,1040.0,973.0,1013.99,19732
2020-07-08,1027.26,1035.31,1002.54,1017.3,12669
2020-07-09,1025.01,1052.25,1012.94,1040.02,17645
2020-07-10,1040.02,1044.85,1018.13,1031.86,10489
2020-07-13,1043.0,1074.98,936.32,968.75,23075
2020-07-14,972.48,998.0,901.74,974.41,22391
2020-07-15,974.0,980.0,934.0,959.45,14542
2020-07-16,942.01,952.83,915.4,925.49,13544
2020-07-17,932.2,940.97,906.05,928.13,12967
2020-07-20,929.0,1011.81,918.21,1009.39,20614
2020-07-21,1022.22,1024.98,948.21,952.83,16132
2020-07-22,964.73,980.57,940.0,957.33,14064
2020-07-23,966.82,979.99,911.12,928.41,18640
2020-07-24,910.0,941.84,883.18,929.81,14256
2020-07-27,947.57,977.46,935.14,976.39,15583
2020-07-28,1007.09,1014.91,975.17,985.0,22732
2020-07-29,1107.38,1107.92,1038.0,1053.59,34060
2020-07-30,1048.3,1062.13,1003.0,1048.84,15895
2020-07-31,1065.0,1067.68,1012.11,1024.0,13163
2020-08-03,1032.0,1089.25,1028.96,1083.05,14525
2020-08-04,1074.01,1082.88,1054.0,1080.0,9119
2020-08-05,1078.99,1105.0,1070.11,1094.65,8966
2020-08-06,1092.99,1099.71,1068.75,1088.13,6730
2020-08-07,1080.0,1092.87,1030.27,1053.12,9125
2020-08-10,1055.0,1064.0,987.41,1005.56,13609
2020-08-11,999.59,1015.0,964.74,971.99,12069
2020-08-12,983.93,1007.86,980.0,991.0,10480
2020-08-13,1005.0,1023.98,987.0,999.9,7019
2020-08-14,1002.3,1007.0,978.49,987.9,6299
2020-08-17,999.0,1019.64,995.51,1012.96,6651
2020-08-18,1021.0,1026.98,993.17,1024.71,6553
2020-08-19,1021.99,1042.96,1003.0,1009.11,7212
2020-08-20,1004.1,1043.6,999.18,1039.62,7231
2020-08-21,1036.02,1046.98,1015.0,1021.12,7064
2020-08-24,1032.0,1033.84,988.88,999.32,10801
2020-08-25,991.0,1038.8,991.0,1037.19,10406
2020-08-26,1049.0,1115.99,1046.21,1089.33,15906
2020-08-27,1081.77,1089.34,1049.33,1053.5,9064
2020-08-28,1067.05,1079.02,1039.45,1042.06,7566
2020-08-31,1048.51,1073.92,1035.0,1066.42,5747
2020-09-01,1075.0,1146.91,1073.93,1134.32,11207
2020-09-02,1142.0,1145.0,1062.5,1074.59,15206
2020-09-03,1044.36,1058.71,993.86,1015.7,15318
2020-09-04,996.19,1018.98,896.48,973.02,19445
2020-09-08,920.91,954.0,906.36,917.4,11822
2020-09-09,953.9,970.0,932.0,949.31,10769
2020-09-10,970.0,975.0,925.45,934.17,10394
2020-09-11,948.0,948.0,897.5,914.5,10138
2020-09-14,927.73,946.88,919.13,931.83,7807
2020-09-15,931.83,953.0,923.0,929.39,11102
2020-09-16,938.0,939.0,884.54,885.18,20789
2020-09-17,858.86,874.66,839.4,870.76,24588
2020-09-18,883.99,908.37,866.84,901.34,14535
2020-09-21,880.56,929.11,880.56,927.89,12994
2020-09-22,941.4,956.86,904.72,954.25,15429
2020-09-23,946.7,953.97,910.7,918.81,10819
2020-09-24,909.55,927.0,894.18,908.61,9688
2020-09-25,919.71,961.25,911.19,960.92,11181
2020-09-28,970.01,983.72,951.0,966.5,11650
2020-09-29,969.58,1030.0,961.4,1025.7,19737
2020-09-30,1037.69,1043.0,1014.35,1022.97,10845
2020-10-01,1030.63,1063.41,1026.15,1054.43,10558
2020-10-02,1020.5,1054.0,1017.01,1028.99,7192
2020-10-05,1035.99,1065.89,1014.38,1065.53,8929
2020-10-06,1068.0,1082.0,1030.01,1041.25,8955
2020-10-07,1059.18,1077.95,1048.16,1073.43,7519
2020-10-08,1081.07,1086.77,1056.23,1069.21,6332
2020-10-09,1072.58,1098.88,1070.0,1096.0,5824
2020-10-12,1105.13,1130.0,1085.3,1090.0,7399
2020-10-13,1095.99,1109.89,1086.36,1106.59,6484
2020-10-14,1111.0,1114.33,1066.59,1082.12,6456
2020-10-15,1058.0,1082.75,1044.03,1078.3,6041
2020-10-16,1086.01,1103.5,1063.8,1067.21,5720
2020-10-19,1070.78,1090.21,1054.81,1069.0,5235
2020-10-20,1068.0,1078.42,1046.04,1056.49,5054
2020-10-21,1054.94,1068.96,1018.02,1022.01,5623
2020-10-22,1026.75,1033.92,990.49,1007.07,5393
2020-10-23,1001.5,1026.96,996.27,1026.22,6134
2020-10-26,1019.0,1044.39,1008.06,1038.05,7532
2020-10-27,1066.93,1088.0,1057.41,1082.89,8882
2020-10-28,1055.0,1067.09,1016.83,1026.71,8926
2020-10-29,1052.58,1054.57,975.0,977.0,19851
2020-10-30,973.9,987.3,906.22,925.43,15597
2020-11-02,934.57,954.29,898.88,914.99,8403
2020-11-03,923.0,952.91,910.54,941.72,6231
2020-11-04,976.0,1002.67,955.0,996.0,8569
2020-11-05,1027.0,1038.8,1003.01,1036.5,6753
2020-11-06,1031.0,1045.08,1003.07,1045.0,6245
2020-11-09,990.0,991.72,900.0,902.6,21512
2020-11-10,912.0,924.0,875.0,885.76,16282
2020-11-11,904.0,948.16,898.6,947.18,9985
2020-11-12,946.0,954.79,921.73,925.8,6488
2020-11-13,934.54,936.91,908.4,918.3,4431
2020-11-16,890.11,919.39,880.0,919.22,8610
2020-11-17,925.0,929.8,905.17,914.02,3915
2020-11-18,915.0,936.0,905.15,931.43,5060
2020-11-19,945.99,981.51,937.27,966.77,9785
2020-11-20,976.0,998.0,973.0,988.51,7947
2020-11-23,988.5,989.69,963.19,980.01,5024
2020-11-24,978.0,980.1,963.0,971.24,4187
2020-11-25,976.42,1021.11,975.0,1019.52,8483
2020-11-27,1028.24,1044.0,1009.26,1034.39,6851
2020-11-30,1045.0,1094.71,1035.0,1090.38,14494
2020-12-01,1080.38,1087.73,1051.0,1069.06,9241
2020-12-02,1051.0,1083.37,1036.01,1079.44,7062
2020-12-03,1082.0,1112.41,1061.29,1062.68,8711
2020-12-04,1068.0,1079.27,1051.11,1053.89,3788
2020-12-07,1053.9,1088.0,1053.89,1084.4,4062
2020-12-08,1088.97,1107.01,1083.0,1102.09,5657
2020-12-09,1100.0,1102.95,1028.41,1038.19,7117
2020-12-10,1017.5,1073.0,1017.0,1067.37,4614
2020-12-11,1064.98,1075.01,1038.0,1057.87,3721
2020-12-14,1050.0,1079.27,1039.16,1059.17,6111
2020-12-15,1054.19,1086.22,1050.65,1074.1,4370
2020-12-16,1072.61,1164.17,1071.68,1157.31,18696
2020-12-17,1162.99,1206.9,1150.43,1180.0,13917
2020-12-18,1181.84,1184.23,1161.12,1170.96,6005
2020-12-21,1164.98,1205.2,1144.99,1197.26,8562
2020-12-22,1203.95,1285.19,1200.16,1277.08,12786
2020-12-23,1275.0,1276.23,1197.4,1197.96,12444
2020-12-24,1216.0,1238.98,1209.54,1225.52,5175
2020-12-28,1229.86,1231.54,1137.22,1147.06,10148
2020-12-29,1168.0,1200.46,1146.33,1171.61,7980
2020-12-30,1178.13,1180.62,1142.79,1163.0,4092
2020-12-31,1163.46,1163.46,1128.25,1131.95,4213
2021-01-04,1137.99,1142.88,1077.86,1092.4,8994
2021-01-05,1094.37,1118.74,1085.59,1118.74,4635
2021-01-06,1097.5,1109.0,1076.05,1087.31,7063
2021-01-07,1102.0,1161.71,1102.0,1159.53,7812
2021-01-08,1172.0,1194.89,1151.53,1188.92,6862
2021-01-11,1170.5,1217.69,1160.0,1177.64,6493
2021-01-12,1188.0,1205.79,1165.42,1188.24,4778
2021-01-13,1192.0,1201.98,1169.5,1199.82,3705
2021-01-14,1228.99,1230.1,1170.65,1178.86,6323
2021-01-15,1190.16,1193.0,1147.0,1170.47,4507
2021-01-19,1186.9,1190.66,1150.17,1173.97,3623
2021-01-20,1180.71,1216.32,1175.34,1200.98,4151
2021-01-21,1214.0,1216.25,1180.99,1198.15,3713
2021-01-22,1187.52,1201.61,1177.15,1196.7,3342
2021-01-25,1206.16,1247.45,1165.5,1205.92,8415
2021-01-26,1208.17,1216.14,1157.43,1159.77,4996
2021-01-27,1149.92,1149.92,1080.99,1092.08,8347
2021-01-28,1110.24,1138.66,1090.56,1120.57,3757
2021-01-29,1120.0,1124.81,1080.99,1098.59,4728
2021-02-01,1106.0,1149.01,1099.68,1144.93,5786
2021-02-02,1166.46,1238.27,1161.23,1235.35,9527
2021-02-03,1235.35,1246.0,1195.16,1224.16,5855
2021-02-04,1241.27,1281.65,1233.42,1260.87,7747
2021-02-05,1261.49,1296.78,1252.58,1287.75,5695
2021-02-08,1303.86,1348.26,1293.01,1345.09,6637
2021-02-09,1365.53,1453.49,1355.99,1432.99,11280
2021-02-10,1448.01,1499.75,1408.15,1462.42,10801
2021-02-11,1475.63,1481.98,1438.02,1463.31,4515
2021-02-12,1457.0,1473.0,1431.38,1455.49,5085
2021-02-16,1468.53,1492.28,1428.0,1474.0,7892
2021-02-17,1381.01,1459.63,1344.99,1425.0,19366
2021-02-18,1393.09,1415.01,1375.24,1384.57,6507
2021-02-19,1396.96,1438.64,1376.51,1435.01,7499
2021-02-22,1397.78,1414.8,1360.55,1381.3,7381
2021-02-23,1269.78,1322.14,1205.43,1300.24,19384
2021-02-24,1305.34,1320.0,1263.53,1301.15,5245
2021-02-25,1301.37,1321.19,1226.21,1245.1,7270
2021-02-26,1254.68,1298.0,1237.0,1280.97,6455
2021-03-01,1315.0,1330.0,1281.0,1309.94,5125
2021-03-02,1317.79,1318.0,1255.0,1309.06,6716
2021-03-03,1288.34,1299.99,1218.35,1220.3,5498
2021-03-04,1199.92,1220.3,1113.61,1149.44,14049
2021-03-05,1154.97,1154.97,1021.57,1131.01,22914
2021-03-08,1126.04,1164.0,1070.81,1072.43,14849
2021-03-09,1123.68,1147.89,1101.51,1130.74,9303
2021-03-10,1169.64,1169.97,1079.51,1087.9,12770
2021-03-11,1119.5,1158.15,1086.91,1142.24,9283
2021-03-12,1121.98,1146.27,1093.03,1140.63,4344
2021-03-15,1137.24,1159.14,1110.0,1159.0,3582
2021-03-16,1183.12,1190.0,1124.0,1143.17,5898
2021-03-17,1122.28,1178.65,1098.0,1169.17,4866
2021-03-18,1145.0,1148.0,1106.26,1117.1,5672
2021-03-19,1118.98,1137.36,1104.36,1120.95,3484
2021-03-22,1123.14,1160.83,1120.38,1160.0,4323
2021-03-23,1165.0,1168.47,1142.3,1162.0,4331
2021-03-24,1176.81,1185.0,1102.35,1106.01,5388
2021-03-25,1090.08,1103.99,1051.25,1061.68,10534
2021-03-26,1052.6,1084.98,1005.14,1065.21,17489
2021-03-29,1053.6,1075.83,1028.6,1039.91,5106
2021-03-30,1028.46,1074.19,1012.8,1048.68,8004
2021-03-31,1068.01,1119.5,1065.0,1106.5,7312
2021-04-01,1150.0,1178.98,1137.02,1155.41,6072
2021-04-05,1175.08,1177.97,1135.9,1145.95,3669
2021-04-06,1144.0,1179.7,1144.0,1156.14,3640
2021-04-07,1150.0,1174.99,1143.79,1159.47,3878
2021-04-08,1182.55,1224.46,1179.98,1222.69,8459
2021-04-09,1212.0,1234.5,1190.16,1227.3,6764
2021-04-12,1220.0,1226.0,1187.35,1202.0,5600
2021-04-13,1215.05,1248.21,1215.05,1241.54,5623
2021-04-14,1248.0,1250.0,1176.02,1179.86,6490
2021-04-15,1200.0,1221.97,1187.0,1208.34,4244
2021-04-16,1211.0,1219.19,1187.82,1207.8,3512
2021-04-19,1192.0,1202.34,1143.15,1145.78,4108
2021-04-20,1138.01,1158.19,1107.21,1123.01,4238
2021-04-21,1116.09,1149.82,1110.05,1142.06,2689
2021-04-22,1157.2,1157.2,1092.0,1096.64,5995
2021-04-23,1103.85,1109.61,1087.26,1099.03,6780
2021-04-26,1111.69,1166.0,1107.29,1166.0,7424
2021-04-27,1166.0,1169.1,1134.42,1156.89,6561
2021-04-28,1216.78,1301.61,1192.75,1288.8,21112
2021-04-29,1299.5,1300.0,1228.13,1233.07,8357
2021-04-30,1215.85,1227.38,1175.55,1182.51,8990
2021-05-03,1186.73,1194.36,1119.17,1122.01,7831
2021-05-04,1115.0,1144.0,1072.04,1142.94,12607
2021-05-05,1151.0,1157.84,1109.85,1120.35,7318
2021-05-06,1113.01,1125.8,1067.16,1090.93,13442
2021-05-07,1118.2,1128.59,1093.05,1108.6,8438
2021-05-10,1099.0,1102.37,1060.05,1080.24,7762
2021-05-11,1039.96,1121.59,1031.75,1110.2,11448
2021-05-12,1082.98,1105.86,1055.67,1083.9,8085
2021-05-13,1102.3,1109.0,1025.07,1047.77,8431
2021-05-14,1067.01,1088.1,1044.0,1085.01,5181
2021-05-17,1076.52,1114.63,1070.1,1096.39,5526
2021-05-18,1105.0,1152.57,1091.35,1133.36,11057
2021-05-19,1103.6,1172.59,1102.01,1170.39,10802
2021-05-20,1180.0,1224.21,1170.0,1214.9,7444
2021-05-21,1223.99,1246.0,1192.0,1224.12,7708
2021-05-24,1224.8,1278.26,1216.0,1261.43,6679
2021-05-25,1267.0,1280.99,1231.95,1240.0,8068
2021-05-26,1248.49,1268.0,1232.0,1238.83,4934
2021-05-27,1231.92,1257.22,1214.59,1240.84,4804
2021-05-28,1248.41,1271.79,1241.66,1242.87,3886
2021-06-01,1254.17,1278.93,1244.59,1251.56,6493
2021-06-02,1258.0,1265.83,1218.0,1229.59,5060
2021-06-03,1223.01,1228.22,1195.5,1199.0,3981
2021-06-04,1209.97,1224.37,1202.24,1205.74,2915
2021-06-07,1209.12,1231.2,1182.5,1230.55,3419
2021-06-08,1244.0,1252.24,1210.0,1230.74,3548
2021-06-09,1227.5,1242.79,1214.98,1215.56,2382
2021-06-10,1215.0,1237.06,1198.1,1231.1,5258
2021-06-11,1238.24,1250.0,1228.0,1247.02,4467
2021-06-14,1247.0,1310.92,1245.34,1306.64,7228
2021-06-15,1309.0,1350.0,1286.0,1321.08,10013
2021-06-16,1324.28,1377.0,1318.26,1366.3,13378
2021-06-17,1352.31,1461.0,1351.0,1449.27,18404
2021-06-18,1435.02,1485.5,1434.52,1466.87,14957
2021-06-21,1473.26,1552.23,1452.5,1480.23,20216
2021-06-22,1480.0,1516.36,1466.97,1508.44,14522
2021-06-23,1509.52,1534.96,1494.3,1500.53,7874
2021-06-24,1513.39,1529.8,1473.66,1478.99,7595
2021-06-25,1489.95,1489.95,1429.03,1473.54,10754
2021-06-28,1483.78,1523.15,1478.0,1494.99,6716
2021-06-29,1497.14,1512.97,1473.25,1482.99,6244
2021-06-30,1478.58,1491.8,1454.04,1460.98,5572
2021-07-01,1460.98,1469.49,1442.0,1458.0,3854
2021-07-02,1469.98,1498.0,1449.02,1464.75,6103
2021-07-06,1468.06,1541.0,1467.61,1538.03,10969
2021-07-07,1551.01,1587.74,1508.37,1520.22,9182
2021-07-08,1475.0,1499.5,1452.32,1463.34,9379
2021-07-09,1472.5,1496.92,1457.88,1494.99,7792
2021-07-12,1502.93,1530.18,1476.0,1494.74,7053
2021-07-13,1492.59,1532.28,1490.74,1516.47,6936
2021-07-14,1535.0,1550.0,1459.0,1463.0,8280
2021-07-15,1476.0,1481.11,1420.02,1441.5,6430
2021-07-16,1454.27,1463.82,1426.0,1442.63,5034
2021-07-19,1415.16,1475.37,1393.01,1472.01,8208
2021-07-20,1477.35,1533.52,1458.16,1524.78,6739
2021-07-21,1517.51,1569.36,1515.64,1569.36,7491
2021-07-22,1564.26,1602.57,1564.26,1594.09,13123
2021-07-23,1608.0,1646.6,1595.93,1643.32,8337
2021-07-26,1649.23,1650.0,1576.71,1582.28,7608
2021-07-27,1582.03,1602.42,1513.03,1555.1,8753
2021-07-28,1577.0,1583.15,1497.02,1538.0,13129
2021-07-29,1528.06,1560.22,1510.0,1525.0,11290
2021-07-30,1499.95,1529.87,1490.2,1499.93,5734
2021-08-02,1503.83,1555.0,1493.05,1538.67,8801
2021-08-03,1542.14,1559.75,1499.0,1522.56,11153
2021-08-04,1524.08,1558.25,1517.01,1555.52,3373
2021-08-05,1553.21,1576.0,1533.85,1545.55,4373
2021-08-06,1532.91,1550.99,1501.27,1525.06,3612
2021-08-09,1525.8,1551.99,1510.08,1549.99,7807
2021-08-10,1557.0,1583.37,1514.43,1525.94,7131
2021-08-11,1536.25,1537.44,1480.8,1485.23,4742
2021-08-12,1482.53,1514.0,1455.94,1503.2,7004
2021-08-13,1500.0,1504.98,1475.0,1498.0,3236
2021-08-16,1491.46,1534.6,1468.71,1489.0,6870
2021-08-17,1485.68,1493.27,1458.08,1481.87,7647
2021-08-18,1474.58,1514.0,1471.2,1489.18,4533
2021-08-19,1472.01,1499.55,1463.11,1466.11,3447
2021-08-20,1477.6,1485.8,1437.5,1450.7,4505
2021-08-23,1456.21,1488.15,1453.07,1481.41,5082
2021-08-24,1510.01,1562.0,1510.0,1538.51,7529
2021-08-25,1541.45,1555.97,1511.6,1552.24,4434
2021-08-26,1548.99,1556.9,1514.19,1515.58,3197
2021-08-27,1517.0,1538.99,1511.14,1531.42,2557
2021-08-30,1540.94,1560.0,1528.01,1549.0,3281
2021-08-31,1554.23,1554.23,1521.29,1524.78,2478
2021-09-01,1527.65,1552.24,1523.28,1539.03,2585
2021-09-02,1542.4,1588.0,1538.4,1542.6,4785
2021-09-03,1545.0,1568.03,1541.0,1554.25,2814
2021-09-07,1554.74,1563.77,1526.89,1536.7,2612
2021-09-08,1537.0,1537.94,1475.75,1477.81,4814
2021-09-09,1491.0,1519.31,1485.93,1504.08,3145
2021-09-10,1515.0,1517.71,1479.5,1484.1,2320
2021-09-13,1492.0,1495.39,1432.36,1476.87,4526
2021-09-14,1475.41,1491.44,1443.0,1451.28,3529
2021-09-15,1455.0,1477.64,1433.11,1474.94,3101
2021-09-16,1469.0,1479.3,1451.0,1475.97,2936
2021-09-17,1466.66,1487.46,1452.21,1486.29,2301
2021-09-20,1440.03,1464.81,1401.12,1434.53,6615
2021-09-21,1445.0,1448.67,1423.44,1437.15,4362
2021-09-22,1445.0,1474.73,1429.04,1465.9,2953
2021-09-23,1474.0,1484.96,1456.0,1476.6,3241
2021-09-24,1473.44,1475.95,1428.0,1444.0,4330
2021-09-27,1436.0,1451.7,1414.26,1443.81,3865
2021-09-28,1420.0,1425.55,1359.0,1369.31,6694
2021-09-29,1381.0,1392.99,1341.14,1346.55,5631
2021-09-30,1346.95,1376.99,1346.95,1355.78,4093
2021-10-01,1362.46,1369.83,1339.25,1350.76,4148
2021-10-04,1326.32,1339.0,1285.9,1314.9,6198
2021-10-05,1312.46,1356.0,1312.46,1318.08,3608
2021-10-06,1311.72,1359.0,1305.37,1349.88,4575
2021-10-07,1372.99,1406.46,1365.17,1398.5,5010
2021-10-08,1417.78,1429.0,1372.35,1378.03,4294
2021-10-11,1369.0,1385.49,1353.0,1357.01,3016
2021-10-12,1369.94,1378.99,1351.0,1357.22,2763
2021-10-13,1374.3,1399.51,1368.68,1398.97,3180
2021-10-14,1413.15,1427.0,1401.7,1406.75,2978
2021-10-15,1414.81,1429.87,1397.05,1424.58,3634
2021-10-18,1425.03,1466.02,1418.0,1465.11,4159
2021-10-19,1479.85,1501.98,1470.0,1485.74,3410
2021-10-20,1497.95,1502.32,1462.02,1487.47,3199
2021-10-21,1472.2,1506.72,1472.2,1496.71,2614
2021-10-22,1470.0,1472.95,1404.48,1425.85,7572
2021-10-25,1428.88,1439.0,1395.01,1425.16,3676
2021-10-26,1428.0,1430.15,1357.71,1363.7,5570
2021-10-27,1364.0,1379.17,1336.11,1361.12,6991
2021-10-28,1350.04,1504.71,1328.54,1457.0,21295
2021-10-29,1435.0,1488.17,1419.82,1466.73,6274
2021-11-01,1465.1,1531.76,1460.0,1527.62,7785
2021-11-02,1523.0,1534.02,1471.97,1476.64,4324
2021-11-03,1495.33,1497.18,1452.05,1495.34,2551
2021-11-04,1515.29,1549.21,1497.0,1540.56,4484
2021-11-05,1535.0,1550.0,1510.18,1528.06,2872
2021-11-08,1540.0,1564.33,1522.0,1533.77,3407
2021-11-09,1546.0,1563.06,1519.81,1554.85,2492
2021-11-10,1537.4,1544.87,1470.0,1474.0,2955
2021-11-11,1500.5,1511.83,1490.0,1490.34,2645
2021-11-12,1520.97,1674.79,1510.01,1669.52,14295
2021-11-15,1653.4,1704.39,1632.51,1656.5,7462
2021-11-16,1630.0,1714.51,1628.51,1675.32,4462
2021-11-17,1658.1,1676.79,1635.65,1637.81,2774
2021-11-18,1646.0,1697.55,1637.21,1681.3,5003
2021-11-19,1718.0,1762.92,1685.09,1690.6,8072
2021-11-22,1701.01,1703.5,1580.52,1595.01,7024
2021-11-23,1588.01,1613.64,1532.12,1573.06,5759
2021-11-24,1555.41,1642.02,1541.24,1628.7,5037
2021-11-26,1650.0,1661.27,1576.23,1576.7,3709
2021-11-29,1577.32,1583.47,1524.71,1567.02,5499
2021-11-30,1600.5,1629.94,1516.64,1521.79,8496
2021-12-01,1546.6,1558.0,1457.98,1459.71,7146
2021-12-02,1457.49,1484.83,1431.0,1447.15,5296
2021-12-03,1465.98,1467.55,1357.03,1410.0,6063
2021-12-06,1373.12,1430.86,1340.0,1428.12,6076
2021-12-07,1471.41,1530.36,1466.62,1526.25,4608
